Lon,Lat,Clave,Edo,Est,Tmin
-102.37,21.78,NGRAG,AGS,El Niagara Ags.,5.112903226
-102.79,21.81,MNLAG,AGS,Media Luna Ags.,4.838709677
-102.71,21.85,CALVILLO,AGS,Calvillo Ags. SMN*,5.470967742
-102.29,21.85,OBSAG,AGS,Observatorio de Aguascalientes Ags.,6.946666667
-102.31,21.9,AGSAG,AGS,Aguascalientes Ags.,7.048387097
-102,21.9,CNSAG,AGS,Los Conos Ags.,3.64516129
-102.68,22,CDRAG,AGS,La Codorniz Ags.,7.448275862
-102.36,22.12,JCQAG,AGS,Jocoque Ags.,5.096774194
-102.42,22.14,PECAG,AGS,Plutarco ElÌas Calles Ags.,5.532258065
-102.29,22.16,PBLAG,AGS,PabellÛn Ags.,5.066666667
-102.14,22.2,PTOAG,AGS,Puerto de la ConcepciÛn Ags.,6.733333333
-102.44,22.24,PTRAG,AGS,Derivadora PabellÛn Ags.,5.216666667
-102.3,22.36,CSOAG,AGS,CosÌo Ags.,0.816666667
-102.61,21.27,SIERRAFRIA,AGS,Sierra FrÌa Ags. SMN*,3.012903226
-102.18,21.74,BRTAG,AGS,San Bartolo Ags.,4.516129032
-102.13,21.81,TNJAG,AGS,La Tinaja 2 Ags.,4.419354839
-102.19,21.83,CLVAG,AGS,Calvillo Ags.,-0.2
-102.11,21.88,SNVAG,AGS,Sandovales Ags.,2.6
-101.97,21.92,PALAG,AGS,Palo Alto Ags.,4.833333333
-102.36,21.97,UAALAPOSTA,AGS,Universidad AutÛnoma de Aguascalientes Ags. SGT*,5.166
-102,22.02,NVLAG,AGS,El Novillo Ags.,1.583333333
-102.07,22.1,VJZAG,AGS,Villa Ju·rez Ags.,1.064516129
-114.72,29.73,CATAVINA,BC,CataviÒa B.C. SMN*,7.710714286
-114.85,31.03,SFLBN,BC,San Felipe B.C.,10.51851852
-116.6,31.89,ELZBN,BC,Emilio LÛpez Zamora B.C.,6.903846154
-116.2,32.27,AGHBN,BC,Agua Hechicera B.C.,0.051612903
-115.15,32.41,ENLBN,BC,Ejido Nuevo LeÛn B.C.,6.206896552
-116.91,32.44,ALRBN,BC,Abelardo L. RodrÌguez B.C.,7.620689655
-116.83,32.47,EFLBN,BC,El Florido B.C.,8.230769231
-116.7,32.48,CRRBN,BC,El Carrizo B.C.,8.258064516
-116.3,32.52,HNGBN,BC,El Hongo B.C.,1
-114.73,32.7,PDMBN,BC,Presa Derivadora Morelos B.C.,5.685185185
-115.27,32.39,MXCBN,BC,Mexicali B.C.,7.080645161
-115.93,30.52,ENBBN,BC,San QuintÌn B.C.,7.518518519
-114.73,32.7,ALGODONESob,BC,Observatorio de Algodones B.C. SMN*,6.504166667
-113.56,28.9,BAABN,BC,BahÌa de los ¡ngeles B.C. SMN*,13.216
-115.94,30.53,SANQUINTIN,BC,San QuntÌn B.C.*,7.846666667
-114.83,30.99,SANFELIPEMAR,BC,San Felipe B.C. SEMAR*,9.022222222
-114.83,31.03,SFELIPEob,BC,Observatorio de San Felipe B.C. SMN*,10.784
-116.37,31.49,ENSBN,BC,Ensenada B.C.,6.64
-116.6,31.89,PLOPEZZAMORA,BC,Presa Emilio LÛpez Zamora B.C. SMN*,8.4
-114.97,32.06,ENCINAS,BC,Encinas Johnson Son. REMAS*,2.625806452
-117.07,32.38,PLAYAROSARITO,BC,Playa Rosarito B.C. SMN*,9.348
-115.19,32.41,ENVOLEONob,BC,Observatorio de EnvoleÛn B.C. SMN*,7.047826087
-116.91,32.45,PABELARLRDGZ2,BC,Abelardo L. RodrÌguez. 2 B.C. SMN*,8.94516129
-116.63,32.57,TCTBN,BC,Tecate B.C.,6.624
-116.66,32.57,TECATE,BC,Tecate B.C. SMN*,7.358064516
-115.5,32.64,MEXICALIOB,BC,Mexicali Observatorio B.C. SMN*,5.92
-115.29,32.67,MEXBN,BC,Mexicali B.C. SMN*,9.364516129
-116.64,31.7,PTBBN,BC,Punta Banda B.C.,5.666666667
-116.21,32.27,RUMOROSA,BC,La Rumorosa B.C. SMN*,0.056521739
-111.35,26.01,BLORETO,BCS,BahÌa de Loreto B.C.S. SMN*,12.03548387
-109.92,22.89,SANLUCAS,BCS,Cabo San Lucas B.C.S. SMN*,17.50666667
-109.93,22.9,CSLBS,BCS,Cabo San Lucas B.C.S.,13.77419355
-109.71,23.07,SJCBS,BCS,San JosÈ del Cabo B.C.S.,14.16129032
-110.22,23.43,TSNBS,BCS,Todos Santos B.C.S.,11.87096774
-109.72,23.45,SNTBS,BCS,Santiago B.C.S.,6.580645161
-109.55,23.58,RBRBS,BCS,La Ribera B.C.S.,10.16666667
-109.7,23.68,LBABS,BCS,Los Barriles B.C.S.,13.74193548
-109.84,23.74,SBABS,BCS,San Bartolo B.C.S.,7.451612903
-110.05,23.8,SANBS,BCS,San Antonio B.C.S.,8.290322581
-109.98,24.07,PLNBS,BCS,Los Planes B.C.S.,9.548387097
-109.98,24.07,SARBS,BCS,El Sargento B.C.S.,11.70967742
-110.37,24.15,LPZBS,BCS,La Paz B.C.S.,13.87096774
-111.66,25,CCNBS,BCS,Ciudad ConstituciÛn B.C.S.,8.732258065
-111.34,26.02,LRTBS,BCS,Loreto B.C.S.,12.5483871
-112.28,27.3,SRLBS,BCS,Santa RosalÌa B.C.S.,10.41612903
-113.42,27.78,DORBS,BCS,DÌaz Ordaz B.C.S.,4.931034483
-114.05,27.97,GNGBS,BCS,Guerrero Negro B.C.S.,8.827586207
-112,26.87,MLGBS,BCS,MulegÈ B.C.S.,8
-110,23.56,SLAGUNA,BCS,Sierra La Laguna B.C.S. SMN*,8.593548387
-110.32,24.12,LAPAZob,BCS,Observatorio de La Paz B.C.S. SMN*,13.496
-111.83,24.48,PCORTESMAR,BCS,Puerto CortÈs B.C.S. SEMAR*,15.48275862
-111.65,25.01,CDCONSTITUCIONo,BCS,Observatorio de Ciudad ConstituciÛn B.C.S. SGT*,9.241666667
-112.48,26.26,SANJUANICO,BCS,San Juanico B.C.S. SMN*,13.16
-112.1,27.09,STAROSALIAMAR,BCS,Santa RosalÌa B.C. SEMAR*,11.86666667
-113.46,27.64,DIAZORDAZBN,BCS,Gustavo DÌaz Ordaz B.C.S.*,8.819354839
-89.4,18.5,XPJCA,CAMP,Xpujil Camp.,19.03225806
-89.89,18.09,CALAKMUL,CAMP,Calakmul Camp. SMN*,17.41666667
-91.05,18.18,CNDCA,CAMP,Candelaria Camp.,18.6
-92.09,18.25,PLZCA,CAMP,Palizada Camp.,18.96774194
-90.74,18.6,ESCCA,CAMP,Esc·rcega Camp.,20.23333333
-91.76,18.65,CARCA,CAMP,El Carmen Camp.,21.33333333
-91.18,18.97,SBNCA,CAMP,Sabancuy Camp.,18.89655172
-90.58,19.3,CANCA,CAMP,Canasayab Camp.,17.96666667
-90.72,19.36,CHMCA,CAMP,ChampotÛn Camp.,18.89655172
-90.22,19.61,NYXCA,CAMP,Noh-YaxchÈ Camp.,18.29032258
-89.86,19.66,XCPCA,CAMP,Xcupil Camp.,16.73333333
-89.85,19.75,HPOCA,CAMP,Hopelchen Camp.,17.29032258
-90.5,19.83,CAMPECHEob,CAMP,Observatorio de Campeche Camp. SMN*,19.15
-90.54,19.84,CMPCA,CAMP,Campeche Camp.,19
-90.51,19.84,COBCA,CAMP,Observatorio de Campeche Camp.,19.30344828
-89.74,20,BOLCA,CAMP,Bolonchen Camp.,19.16666667
-90.11,20.18,HECCA,CAMP,Hecelchak·n Camp.,17.77419355
-90.82,18.06,MONCLOVACAMP,CAMP,Monclova Camp. SMN*,22.53793103
-90.76,18.61,ESCARCEGA,CAMP,Esc·rcega Camp. SMN*,19.36451613
-91.82,18.65,CDCCA,CAMP,Ciudad del Carmen Camp. SMN*,22.13214286
-90.37,19.94,PETENES,CAMP,Los Petenes Camp. SMN*,17.77419355
-105.16,26.74,VICCH,CHIH,Villa Coronado Chih.,1.5
-107.07,26.81,GRCCH,CHIH,Guerachi Chih.,7.985714286
-107.88,26.87,IGNCH,CHIH,San Ignacio Chih.,6.58
-107.88,26.87,INGCH,CHIH,San Ignacio Chih.,7.235294118
-105.68,26.92,PRRCH,CHIH,Parral Chih.,3.958064516
-107.97,26.94,TBRSI,CHIH,San Francisco Chih.,7.703846154
-107.72,27.03,BTPCH,CHIH,Batopilas Chih.,8.758064516
-104.91,27.13,JMNCH,CHIH,JimÈnez Chih.,3.034482759
-107.92,27.22,URICH,CHIH,Urique Chih. SMN*,11.7483871
-107.91,27.22,URECH,CHIH,Urique Chih.,9.906451613
-108.54,27.42,CNDCH,CHIH,ChÌnipas Chih.,6.764516129
-105.81,27.45,VZRCH,CHIH,Valle de Zaragoza Chih.,1.387096774
-105.41,27.54,LBQCH,CHIH,La Boquilla Chih.,2.851851852
-105.63,28.17,FIMCH,CHIH,Francisco I. Madero Chih.,3.384615385
-108.21,28.21,BSSCH,CHIH,Basaseachi Chih.,-2.261290323
-105.45,28.21,CDLCH,CHIH,Ciudad Delicias Chih.,3.444444444
-107.48,28.48,AGZCH,CHIH,Abraham Gonz·lez Chih.,-2.016129032
-106.09,28.66,QIJCH,CHIH,Observatorio de Chihuahua Chih.,3.717241379
-107.85,28.95,TMCCH,CHIH,TemÛsachic Chih.,-4.116129032
-105.28,28.98,LLNCH,CHIH,Ing. Luis L. LeÛn Chih.,4.875
-108.3,29.2,GPCCH,CHIH,Guapoca Chih.,-2.335483871
-107.38,29.56,TNTCH,CHIH,El Tintero Chih.,1.483870968
-104.41,29.56,OJNCH,CHIH,Ojinaga Chih.,3.637931034
-107.03,29.88,LJSCH,CHIH,Las Lajas Chih.,-0.419354839
-107.93,30.38,CAGCH,CHIH,Casas Grandes Chih.,0.029032258
-106.4,31.74,CJZCH,CHIH,Ciudad Ju·rez Chih.,5.5
-108.52,28.15,C08182,CHIH,Moris,1.612903226
-105.38,27.41,CL2CH,CHIH,Colina hidromÈtrica Chih.,0.267741935
-107.7,28.76,C08243,CHIH,Tejolocachi,-5.741935484
-105.96,28.77,C08270,CHIH,La Mesa,0.935483871
-106.48,28.8,C08099,CHIH,Majalca,-2.65
-108.09,29.25,C08219,CHIH,PeÒitas,-7.033333333
-107.26,28.77,BACCH,CHIH,BachÌniva Chih.,-0.774193548
-106.77,26.23,CHNCH,CHIH,Chinat˙ Chih. SMN*,-1.84
-106.39,26.47,ELVERGELSMN,CHIH,El Vergel Chih. SMN*,-4.677419355
-107.07,26.82,GCCCH,CHIH,Guachochi Chih. SMN*,-3.332258065
-106.35,26.95,CONCHOSob,CHIH,Observatorio de Conchos Chih. SMN*,2.222727273
-107.99,27.86,MAGCH,CHIH,Maguarichi Chih. SMN*,6.346666667
-107.9,27.9,BTVCH,CHIH,Batovira Chih.,0.634615385
-105.5,28.17,DELICIAS,CHIH,Ciudad Delicias Chih. SMN*,5.75483871
-108.21,28.2,BASCH,CHIH,Basaseachi Chih. SMN*,-3.324137931
-106.84,28.4,CDCUAUHTEMOC,CHIH,Ciudad CuauhtÈmoc Chih. SMN*,3.576666667
-106.03,28.67,CHIHUAHUAob,CHIH,Observatorio de Chihuahua Chih. SMN*,2.856
-106.49,28.8,MAJALCA,CHIH,Cumbres de Majalca Chih. SMN*,-4.803225806
-107.82,28.95,TEMOSACHICob,CHIH,Observatorio de TemÛsachic Chih. SMN*,-6.208
-104.43,29.58,OJINAGA,CHIH,Ojinaga Chih. SGT*,4.010344828
-108.43,30.84,JANOS,CHIH,Janos Chih. SMN*,-0.95483871
-106.43,31.69,CDJUAREZob,CHIH,Observatorio de Ciudad Ju·rez Chih. SMN*,2.023809524
-107.97,26.94,TB2CH,CHIH,Tubares II Chih.,7.2
-92.4,15,HUECP,CHIS,Huehuet·n Chis.,23.9137931
-92.26,14.91,TAPCP,CHIS,Tapachula Chis.,22.29259259
-92.47,15.13,HUICP,CHIS,Huixtla Chis.,23.12068966
-92.58,15.2,DESCP,CHIS,Despoblado Chis.,18.14444444
-92.67,15.32,ESCCP,CHIS,Escuintla Chis.,19.94827586
-92.72,15.35,CACCP,CHIS,Cacaluta Chis.,20.625
-92.88,15.45,MAPCP,CHIS,Mapastepec Chis.,20.46551724
-92.95,15.5,ELNCP,CHIS,El Novillero Chis.,23.0862069
-93.22,15.69,PIJCP,CHIS,Pijijiapan Chis.,22.5
-92.28,15.75,CHMCP,CHIS,Chicomuselo Chis.,14.21034483
-92.24,15.78,SMICP,CHIS,San Miguel Chis.,12.70967742
-93.06,16.45,SDOCP,CHIS,Santo Domingo Chis.,15.08064516
-91.97,15.85,PCOCP,CHIS,Puente Concordia Chis.,14.77419355
-92.72,15.87,JAPCP,CHIS,Jaltenango Chis.,13.90689655
-93.53,15.88,TPICP,CHIS,Tres Picos Chis.,21.55172414
-92.67,15.92,REFCP,CHIS,Reforma Chis.,13.24193548
-93.08,16.16,REVCP,CHIS,RevoluciÛn Mexicana Chis.,14.58064516
-92.1,16.2,COOCP,CHIS,Observatorio de Comit·n Chis.,12.81290323
-93.9,16.24,AROCP,CHIS,Arriaga Chis.,20.46785714
-92.48,16.31,CASCP,CHIS,Cascajal Chis.,15.26666667
-92.78,16.4,ANGCP,CHIS,Doctor Belisario DomÌnguez Chis.,16.9516129
-92.8,16.55,ACACP,CHIS,Acala Chis.,17
-90.7,16.58,LACCP,CHIS,Lacant˙n Chis.,18.225
-93.15,16.64,BOQCP,CHIS,BoquerÛn Chis.,16.75
-92.63,16.73,SCOCP,CHIS,Observatorio de San CristÛbal Chis.,9.161290323
-93.13,16.75,TXOCP,CHIS,Observatorio de Tuxtla GutiÈrrez Chis.,18.51
-93.1,16.76,TUXCP,CHIS,Tuxtla Oriente Chis.,18.79310345
-93.15,16.76,TUXTLAGTZob,CHIS,Observatorio de Tuxtla GutiÈrrez Chis. SMN*,18.56666667
-92.82,16.94,SNACP,CHIS,Santa MarÌa Chis.,18.22916667
-93.1,16.94,CHICP,CHIS,Manuel Moreno Torres Chis.,18.75862069
-93.12,16.98,GRICP,CHIS,Grijalva Chis.,17.22580645
-93.33,17.12,YAMCP,CHIS,YamonhÛ Chis.,16.64814815
-93.6,17.18,MALCP,CHIS,NezahualcÛyotl Chis.,20.4375
-93.38,17.42,SAYCP,CHIS,Sayula Chis.,18.93103448
-93.46,17.45,PENCP,CHIS,¡ngel Albino Corzo Chis.,20.7173913
-92.35,17.57,SAACP,CHIS,Salto de Agua Chis.,19.18518519
-92.24,14.99,TAMCP,CHIS,Tapachula Malpaso Chis.,21.08333333
-92.15,15.09,VTACANA,CHIS,Volc·n Tacan· Chis. SMN*,15.71
-92.62,16.74,SCRCP,CHIS,Puente Morelos Chis.,8.379310345
-93.07,16.72,TXZCP,CHIS,Tuxtla GutiÈrrez Zoomat Chis.,16.89285714
-92.33,15.17,FHACP,CHIS,Finca Hamburgo Chis.,17.94444444
-92.3,14.89,TAPACHULAob,CHIS,Observatorio de Tapachula Chis. SMN*,23.75
-92.4,14.7,PTOCHIAPASMAR,CHIS,Puerto Chiapas Chis. SEMAR*,22.19333333
-92.76,15.07,LAENCRUCIJADA,CHIS,La Encrucijada Chis. SGT*,21.31290323
-92.67,15.33,ESCUINTLA,CHIS,Escuintla Chis. SMN*,20.45333333
-92.81,15.66,ELTRIUNFO,CHIS,El Triunfo Chis. SMN*,8.611111111
-93.86,16.06,PAREDONMAR,CHIS,ParedÛn Chis. SEMAR*,22.79
-91.73,16.11,LMONTEBELLO,CHIS,Lagunas de Montebello Chis. SMN*,13.04
-93.08,16.17,CREDREVOLUCIONM,CHIS,Cred RevoluciÛn Mexicana Chis. SMN*,15.77741935
-93.91,16.24,CREDARRIAGA,CHIS,Cred Arriaga Chis. SMN*,23.19354839
-92.63,16.73,SNCRISTOBALob,CHIS,Observatorio de San CristÛbal Chis. SMN*,9.324
-91.52,16.81,MAZULES,CHIS,Montes Azules Chis. SMN*,16.44827586
-91.23,17.29,CUSUMACINTA,CHIS,CaÒÛn Usumacinta Tab. SMN*,19.575
-91.99,17.53,PLQCP,CHIS,Palenque Chis. SMN*,19.94482759
-103.7,27.29,SMJCL,COAH,Sierra Mojada Coah.,8.44
-100.92,25.44,ESLCL,COAH,E. C. Saltillo Coah.,6.683333333
-103.26,25.77,FIMCL,COAH,Francisco I. Madero Coah.,6.37037037
-101.12,29.15,CBRCL,COAH,Cabeceras Coah.,6.607142857
-101.02,25.38,STOCL,COAH,Saltillo Coah.,7.464285714
-103.45,25.53,TORREONob,COAH,Observatorio de TorreÛn Coah. SMN*,7.908
-103.45,25.54,TORCL,COAH,Observatorio de TorreÛn Coah.,8.593548387
-103.47,25.54,CYTCL,COAH,Coyote Coah.,8.416666667
-100.93,25.56,ARACL,COAH,Ramos Arizpe Aeropuerto Coah.,7.5
-102.98,25.76,SPECL,COAH,San Pedro Coah.,5.553571429
-100.66,26.84,CDLCL,COAH,Candela Coah.,9.964285714
-101.42,26.91,MCVCL,COAH,Monclova Coah.,9.709677419
-102.06,26.98,CCGCL,COAH,Cuatro CiÈnegas Coah.,7.233333333
-101,27.42,PRSCL,COAH,Progreso Coah.,5.714285714
-100.62,27.52,VCRCL,COAH,Venustiano Carranza Coah.,8.316666667
-101.12,27.85,SBNCL,COAH,Sabinas Coah.,6.338709677
-100.53,28.71,PNGCL,COAH,Piedras Negras Coah.,8.496296296
-100.9,29.03,ZPTCL,COAH,Zapata Coah.,5.870967742
-100.95,29.03,SMGCL,COAH,San Miguel Coah.,7.666666667
-100.95,29.21,CNTCL,COAH,El Centenario Coah.,5.275862069
-100.95,29.33,CDACL,COAH,Ciudad AcuÒa Coah.,7
-101.06,29.45,AMSCL,COAH,Internacional La Amistad Coah.,6.032258065
-100.58,25.27,SAACL,COAH,San Antonio de las Alazanas Coah.,3.173913043
-102.18,25.44,PARCL,COAH,Parras Coah.,9
-100.84,28.34,ADLCL,COAH,Allende Coah.,7
-101.02,25.38,SALCL,COAH,Observatorio de Saltillo Coah.,6.493103448
-101.02,25.38,SALTILLOob,COAH,Observatorio de Saltillo Coah. SMN*,6.256
-103.23,25.53,MATCL,COAH,Matamoros Coah.,7.714285714
-103.34,25.7,CUICL,COAH,El Cuije Coah.,2.625
-101.43,26.9,MONCLOVAob,COAH,Observatorio de Monclova Coah. SMN*,9.851612903
-102.04,26.99,CUATROCIENEGAS,COAH,Cuatro Cienegas Coah. SMN*,7.04516129
-101.33,27.92,NUEVAROSITA,COAH,Nueva Rosita Coah. SMN*,4.858064516
-101.21,28.4,SANTACECILIA,COAH,Santa Cecilia Coah. SMN*,5.432258065
-100.57,28.68,PNEGRASob,COAH,Observatorio de Piedras Negras Coah. SMN*,9.35
-102.52,28.83,OCAMPO,COAH,Ocampo Coah. SMN*,6.012903226
-100.66,29.05,JIMENEZ,COAH,JimÈnez Coah. SGT*,2.787096774
-103.87,19.17,LAECM,COL,La Esperanza Col.,14.6
-103.72,18.75,CDOCM,COL,Cerro de Ortega Col.,19.39285714
-103.77,18.81,LDACM,COL,Laguna de Amela Col.,20
-103.63,18.83,CLLCM,COL,Callejones Col.,20.83333333
-103.87,18.91,TCMCM,COL,Tecom·n Col.,19.61290323
-104.32,19.04,MNZCM,COL,Manzanillo Col.,22.80740741
-103.8,19.21,CQMCM,COL,Coquimatl·n Col.,18
-103.73,19.22,LPSCM,COL,La Posta Col.,16.8516129
-103.73,19.22,RDRCM,COL,Radar Col.,19.03225806
-103.61,19.25,BVSCM,COL,Buena Vista Col.,15.34482759
-103.81,19.32,PNTCM,COL,PeÒitas Col.,18.02777778
-103.6,19.32,CUACM,COL,CuauhtÈmoc Col.,17.61538462
-103.88,19.11,DJLCM,COL,Derivadora Jala Col.,17.13793103
-110.95,18.73,ISOCORROMAR,COL,Isla Socorro Col. SEMAR*,21.46666667
-104.32,19.05,MANZANILLOob,COL,Observatorio de Manzanillo Col. SMN*,21.58
-104.3,19.07,MANZANILLOMAR,COL,Manzanillo Col. SEMAR*,21.57419355
-103.73,19.23,COLIMAob,COL,Observatorio de Colima Col. SMN*,16.212
-99.2,19.3,DATDF,DF,DesviaciÛn Alta Cd. de MÈx.,7.225806452
-99.17,19.45,CBIDF,DF,Escuela Nacional de Ciencias BiolÛgicas IPN Cd. de MÈx. SMN*,9.461290323
-99.07,19.47,SJADF,DF,San Juan de AragÛn Cd. de MÈx.,6.783333333
-99.14,19.52,CEADF,DF,Campamento Amealco Cd. de MÈx.,6.870967742
-99.09,19.48,GCNDF,DF,km 6+250 del Gran Canal Cd. de MÈx.,5.096774194
-99.12,19.27,ENP1,DF,Escuela Nacional Preparatoria 1 Cd. de MÈx. UNAM*,8.244444444
-99.2,19.31,CCHS,DF,Colegio de Ciencias y Humanidades Sur Cd. de MÈx. UNAM*,7.618518519
-99.2,19.31,CENAPRED,DF,CCA CENAPRED Cd. de Mex. SMN*,8.418666667
-99.16,19.35,ENP6,DF,Escuela Nacional Preparatoria 6 Cd. de MÈx. UNAM*,9.254166667
-99.06,19.38,CCHO,DF,Colegio de Ciencias y Humanidades Oriente Cd. de MÈx. UNAM*,8.153846154
-99.1,19.39,TEZDF,DF,Tezontle Cd. de MÈx. SMN*,9.690322581
-99.1,19.39,ENP2,DF,Escuela Nacional Preparatoria 2 Cd. de MÈx. UNAM*,10.05925926
-99.2,19.4,TACUBAYAob,DF,Observatorio de Tacubaya Cd. de MÈx. SMN*,9.675
-99.2,19.4,ENP4,DF,Escuela Nacional Preparatoria 4 Cd. de MÈx. UNAM*,9.516
-99.19,19.42,MDELREY,DF,Molino del Rey Cd. de Mex. SMN*,7.774193548
-99.17,19.45,CBIOLOGIPN,DF,Eescuela Nacional de Ciencias BiolÛgicas IPN Cd. de MÈx. OCAVM*,8.806451613
-99.09,19.48,ENP3,DF,Escuela Nacional Preparatoria 3 Cd. de MÈx. UNAM*,9.114814815
-99.2,19.5,CCHA,DF,Colegio de Ciencias y Humanidades Azcapotzalco Cd. de MÈx. UNAM*,7.8
-104.56,25.18,RDODR,DGO,Rodeo Dgo.,4.142857143
-102.78,24.63,SJGDR,DGO,San Juan de Guadalupe Dgo.,10.28
-104.29,25.56,SPGDR,DGO,San Pedro del Gallo Dgo.,4.12962963
-103.35,24.47,SCLDR,DGO,Santa Clara Dgo.,0.72
-104.68,23.87,SBYDR,DGO,Santiago Bayacora Dgo.,3.806451613
-104.75,23.96,GVCDR,DGO,Presidente Guadalupe Victoria Dgo.,4.016666667
-103.96,24,FVLDR,DGO,Francisco Villa Dgo.,3.6
-104.67,24.03,DRGDR,DGO,Durango Dgo.,3.382758621
-104.12,24.44,CGVDR,DGO,Ciudad Guadalupe Victoria Dgo.,2.903225806
-104.75,24.5,CNTDR,DGO,Canatl·n Dgo.,0.766666667
-104.81,24.54,CBRDR,DGO,Caboraca Dgo.,2.333333333
-103.08,24.61,SELDR,DGO,Santa Elena Dgo.,3.666666667
-106.54,24.7,TDRDR,DGO,El Tule del Real Dgo.,13.44642857
-103.7,24.87,CNCDR,DGO,CuencamÈ Dgo.,6.548387097
-106.98,24.93,TMZDR,DGO,Tamazula Dgo.,12.48275862
-105.42,25.04,SPPDR,DGO,Santiago Papasquiaro Dgo.,0.724137931
-105.44,25.22,SACDR,DGO,SalomÈ Acosta Dgo.,1.096774194
-104.07,25.26,AGUSTINMELGAR,DGO,AgustÌn Melgar Dgo. SMN*,2.861290323
-103.77,25.27,FZRDR,DGO,Francisco Zarco Dgo.,6.85483871
-105.25,25.5,GESDR,DGO,General Escobedo Dgo.,4.88
-103.52,25.53,CLRDR,DGO,Ciudad Lerdo Dgo.,7.483333333
-105.02,25.59,LCRDR,DGO,L·zaro C·rdenas Dgo.,5.382352941
-103.85,25.82,MPMDR,DGO,MapimÌ Dgo.,5.894736842
-105.96,25.93,GNCDR,DGO,Guanacevit Dgo.,-7.413793103
-105.37,25.95,SMODR,DGO,Santa MarÌa del Oro Dgo.,0.692307692
-103.44,26.11,THODR,DGO,Tlahualilo Dgo.,6.782608696
-104.93,26.24,VHGDR,DGO,Villa Hidalgo Dgo.,1.096774194
-105.56,26.44,SGBDR,DGO,San Gabriel Dgo.,2.25
-105.51,26.45,VOCDR,DGO,Villa Ocampo Dgo.,0.909090909
-104.12,26.52,CEBDR,DGO,Ceballos Dgo.,1.612903226
-105.72,25.34,TLHDR,DGO,Tepehuanes Dgo.,-0.846666667
-105.5,26.44,VILLAOCAMPO,DGO,Villa Ocampo Dgo. SMN*,1.270967742
-105.53,26,SBEDR,DGO,San Bernardo Dgo.,-0.258064516
-104.66,24.2,PAGDR,DGO,PeÒa del ¡guila Dgo.,2.448275862
-104.33,24.54,PDCDR,DGO,P·nuco de Coronado Dgo.,0.057692308
-104.28,25.08,SLCDR,DGO,San Luis del Cordero Dgo.,5
-103.98,23.74,VGCDR,DGO,Vicente Guerrero Dgo.,0.822580645
-105.67,23.75,SLTDR,DGO,El Salto Dgo.,-4.571428571
-104.92,24.8,GUADR,DGO,GuatimapÈ Dgo.,-2.607142857
-105.05,23.9,NAVDR,DGO,Navios Viejos Dgo.,-6.193548387
-104.67,23.87,SB2DR,DGO,Santiago Bayacora hidromÈtrica Dgo.,3.806451613
-104.75,23.96,GVHDR,DGO,Guadalupe Victoria Dgo.,3.887096774
-103.96,24,FV2DR,DGO,Francisco Villa hidromÈtrica Dgo.,3.657894737
-104.66,24.24,PA2DR,DGO,PeÒa del ¡guila hidromÈtrica Dgo.,2.16
-104.8,24.52,CB2DR,DGO,Caboraca hidromÈtrica Dgo.,2.260869565
-103.28,25.07,LFLDR,DGO,La Flor Coah.,5.112903226
-102.78,24.56,TGRDR,DGO,El Tigre Dgo.,9.2
-104.6,24.09,DURANGOob,DGO,Observatorio de Durango Dgo. SMN*,3.236
-105.47,24.19,LASVEGAS,DGO,Las Vegas Dgo.,-2.580645161
-104.5,24.79,SJNDR,DGO,San Juan del RÌo Dgo.,3.142857143
-105.72,25.34,TEPEHUANESob,DGO,Observatorio de Tepehuanes Dgo. SMN*,-0.266666667
-104.9,25.75,RPADR,DGO,RADAR PALMITO,2.396551724
-103.75,26.69,MAPIMI,DGO,MapimÌ Dgo. SMN*,6.135483871
-104.25,23.39,MICHILIA,DGO,La Michilia Dgo. SMN*,-1.993333333
-104.7,24,CAGDR,DGO,Campo AgrÌcola Dgo.,2.25
-103.98,26.55,LAFLOR,DGO,La Flor de Jimulco Dgo. SMN*,4.343333333
-106.37,26.13,ROSDR,DGO,La Rosilla Dgo.,-8.880952381
-98.5,16.66,QTZGR,GRO,Quetzala Gro.,18.5483871
-98.51,17.62,IXTGR,GRO,Ixcateopan de Tlapa Gro.,14.16129032
-99.93,17.6,YXTGR,GRO,Yextla Gro.,10.70967742
-99.48,16.8,SNMGR,GRO,San Marcos Gro.,12.25
-100.52,18.08,AFIGR,GRO,AndrÈs Figueroa Gro.,19
-99.61,18.55,TAXGR,GRO,Taxco Gro.,13.54545455
-98.41,16.47,CNLGR,GRO,Cuajinicuilapa Gro.,24.07142857
-98.43,16.68,OMEGR,GRO,Ometepec Gro.,15
-99.24,16.76,LDGGR,GRO,Las Vigas Gro.,18.85483871
-99.8,16.8,ODAGR,GRO,Observatorio de Acapulco Gro.,22.09285714
-99.91,16.85,ACAGR,GRO,Acapulco Gro.,23.11290323
-99.1,16.95,AYUGR,GRO,Ayutla Gro.,17.64285714
-100.02,16.96,LDCGR,GRO,Laguna de Coyuca Gro.,21.03571429
-99.78,16.97,K21GR,GRO,km 21 Gro.,20
-100.47,17.14,SJEGR,GRO,San JerÛnimo Gro.,22.1
-100.43,17.21,ATYGR,GRO,Atoyac Gro.,20.70689655
-101.05,17.38,CYQGR,GRO,Coyuquilla Gro.,21.32142857
-99.45,17.48,PETGR,GRO,Petaquillas Gro.,12.36666667
-98.6,17.5,TLPGR,GRO,Tlapa Gro.,13.38709677
-99.5,17.55,CHIGR,GRO,Chilpancingo Gro.,13
-99.4,17.57,TXTGR,GRO,Tixtla Gro.,11.48387097
-99.52,17.58,AERGR,GRO,Aeropuerto de Chilpancingo Gro.,14.66153846
-99.5,17.6,ODZGR,GRO,Observatorio de Zumpango Gro.,16.19354839
-99.18,17.61,CHLGR,GRO,Chilapa Gro.,11.06818182
-99.7,17.67,CCHGR,GRO,Chichihualco Gro.,10.32258065
-98.74,17.78,OLNGR,GRO,Olinala Gro.,10.96428571
-99.98,17.79,TLAGR,GRO,Tlacotepec Gro.,8.870967742
-101.54,17.86,ZHTGR,GRO,Zihuatanejo Gro.,23.92
-98.49,17.9,XXHGR,GRO,Xochihuehuetl·n Gro.,12.03448276
-99.55,18.35,IGLGR,GRO,Iguala Gro.,15.34
-100.66,18.36,CALGR,GRO,Ciudad Altamirano Gro.,16.67857143
-100.27,18.38,VGRGR,GRO,Vicente Guerrero Gro.,13.72413793
-101,18.42,LCLGR,GRO,La Calera Gro.,13.32
-99.4,18.46,BVSGR,GRO,Buena Vista Gro.,12.61290323
-99.37,17.47,MCHGR,GRO,Mochitl·n Gro.,12.85714286
-99.91,16.82,ACAPULCOMAR,GRO,Acapulco Gro. SEMAR*,25.21111111
-98.84,17.41,CRUCERODEL,GRO,Crucero de L. Gro. ProtecciÛn Civil*,10.73
-100.5,18.15,AJCGR,GRO,Ajuchitl·n Gro.,14.71428571
-99.23,16.76,LASVIGAS,GRO,Las Vigas Gro. ProtecciÛn Civil*,19.69333333
-99.75,16.76,ACAPULCOob,GRO,Observatorio de Acapulco Gro. SMN*,21.7
-100.44,17.21,ATOYAC,GRO,Atoyac Gro. SMN*,24.88
-101.06,17.27,PTOVICENTEMAR,GRO,Puerto Vicente Gro. SEMAR*,23.63478261
-99.5,17.55,CHILPANCINGOob,GRO,Observatorio de Chilpancingo Gro. SMN*,13.76
-101.55,17.64,ZIHUATANEJO,GRO,Zihuatanejo Gro. SMN*,25.89666667
-102.12,17.98,PETACALCO,GRO,Petacalco Gro. SMN*,20.99
-99.47,18.3,VTRGR,GRO,Valerio Trujano Gro.,15.34482759
-101.47,21.07,COMGJ,GTO,Comanjilla Gto.,6.225806452
-101.22,21.48,SFEGJ,GTO,San Felipe Gto.,2.64516129
-100.36,20.2,CORGJ,GTO,Coroneo Gto.,2.5
-101.11,21.32,LQMGJ,GTO,La Quemada Gto.,1.75
-100.5,21.22,POZGJ,GTO,Pozos Gto.,4.5
-101.02,20.43,SMAGJ,GTO,San Miguel de Allende Gto.,4.290322581
-100.75,20.58,SMOGJ,GTO,San Miguel Octopan Gto.,6.965517241
-100.72,20.03,ACNGJ,GTO,Ac·mbaro Gto.,6.967741935
-100.67,20.05,SLSGJ,GTO,SolÌs Gto.,7.161290323
-100.52,20.13,JCRGJ,GTO,JerÈcuaro Gto.,6.274193548
-100.9,20.28,ECBGJ,GTO,El Cubo Gto.,4.383333333
-100.88,20.21,SLVGJ,GTO,Salvatierra Gto.,6.064516129
-101.36,20.28,LJIGJ,GTO,Las JÌcamas Gto.,8.709677419
-100.75,20.28,TARGJ,GTO,Tarimoro Gto.,7.080645161
-101.07,20.29,LDYGJ,GTO,Laguna de Yuriria Gto.,5.612903226
-101.07,20.3,SRTGJ,GTO,Santa Rita Gto.,5.790322581
-101.18,20.39,VDSGJ,GTO,Valle de Santiago Gto.,6.827586207
-101.02,20.4,SJLGJ,GTO,Santa Julia Gto.,5.790322581
-101.52,20.43,ABSGJ,GTO,Abasolo Gto.,9.516129032
-101.74,20.44,GLNGJ,GTO,La Golondrina Gto.,9.677419355
-100.62,20.45,APSGJ,GTO,Apaseo el Alto Gto.,7.790322581
-100.95,20.48,CRTGJ,GTO,Cort·zar Gto.,8.516129032
-101.63,20.5,ATBGJ,GTO,Agua Tibia Gto.,6.290322581
-101.13,20.52,PERGJ,GTO,Pericos Gto.,6.266666667
-100.82,20.53,CLYGJ,GTO,Celaya Gto.,6.387096774
-100.68,20.53,AEGGJ,GTO,Apaseo el Grande Gto.,7.774193548
-100.58,20.55,AMCGJ,GTO,Ameche Gto.,5.951612903
-101.2,20.57,SLMGJ,GTO,Salamanca Gto.,7.64516129
-101.3,20.6,TEMGJ,GTO,TemascatÌo Gto.,8.870967742
-101.67,20.62,CRMGJ,GTO,Cuer·maro Gto.,9.483870968
-101.84,20.68,LADGJ,GTO,Las Adjuntas Gto.,5.8
-101.35,20.68,IRPGJ,GTO,Irapuato Gto.,6.612903226
-101.37,20.73,ECNGJ,GTO,El Conejo Gto.,6.413793103
-100.83,20.85,IALGJ,GTO,Ignacio Allende Gto.,7.225806452
-101.29,20.87,PRSGJ,GTO,La PurÌsima Gto.,8.166666667
-100.9,20.95,CSRGJ,GTO,Cinco SeÒores Gto.,4
-101.26,21.01,GTOGJ,GTO,Guanajuato Gto.,8.225806452
-101.83,21.05,BRRGJ,GTO,El Barrial Gto.,4.827586207
-101.67,21.1,LENGJ,GTO,LeÛn Gto.,10.43333333
-100.93,21.15,DHGGJ,GTO,Dolores Hidalgo Gto.,1.306451613
-101.69,21.17,EPLGJ,GTO,El Palote Gto.,7.35483871
-101.67,21.2,CSTGJ,GTO,Los Castillos Gto.,7.016666667
-101.63,21.29,BARBOSA,GTO,Barbosa Gto. ProtecciÛn Civil*,7.196666667
-100.09,21.3,XICGJ,GTO,Xich˙ Gto.,8.616666667
-100.52,21.3,SLPGJ,GTO,San Luis de la Paz Gto.,2.7
-101.52,21.63,OCMGJ,GTO,Ocampo Gto.,3.774193548
-100.87,20.38,LGVGJ,GTO,Presa la Gavia Gto.,4.290322581
-101.63,20.51,CORRALEJO,GTO,Corralejo Hidalgo Gto. ProtecciÛn Civil*,9.074193548
-102,20.8,FRIAS,GTO,FrÌas Gto. ProtecciÛn Civil*,7.967741935
-100.82,20.85,PALGJ,GTO,Presa Allende Gto. SMN*,6.816129032
-101.2,20.9,ECHGJ,GTO,El ChapÌn Gto.,6.016129032
-101.25,21.02,GUANAJUATOob,GTO,Observatorio de Guanajuato Gto. SMN*,7.872
-100.88,21.1,PNLGJ,GTO,PeÒuelitas Gto.,4.037037037
-100.5,21.22,MINERALPOZOS,GTO,Mineral de Pozos Gto. ProtecciÛn Civil*,6.75
-99.83,21.32,SGORDAII,GTO,Sierra Gorda 2 Gto. SMN*,6.856666667
-99.31,19.96,PRQHD,HGO,Requena Hgo.,4.6
-98.33,20.06,PERHD,HGO,La Esperanza Hgo.,3.466666667
-98.37,20.08,TLGHD,HGO,Tulancingo Hgo.,7.676666667
-98.75,20.12,PCOHD,HGO,Observatorio de Pachuca Hgo.,5.706896552
-99.36,20.16,ENDHD,HGO,EndhÛ Hgo.,6.366666667
-99.22,20.24,MXQHD,HGO,Mixquiahuala Hgo.,5.806451613
-98.94,20.27,ACTHD,HGO,Actopan Hgo.,4.225806452
-99.33,20.36,PRGHD,HGO,Javier Rojo GÛmez Hgo.,6.387096774
-99.38,20.44,PVAHD,HGO,Vicente Aguirre Hgo.,6.612903226
-99.22,20.48,IXMHD,HGO,Ixmiquilpan Hgo.,8.566666667
-98.76,20.59,LMTHD,HGO,Metztitl·n Hgo.,10.76666667
-98.65,20.65,ZXTHD,HGO,Zacualtip·n Hgo.,6.366666667
-99.5,20.66,ZMPHD,HGO,Ing. Fernando Hiriart Balderrama Hgo.,11.88888889
-98.33,21.02,ATCHD,HGO,Atlapexco Hgo.,16.02083333
-98.42,21.15,HJTHD,HGO,Huejutla Hgo.,16.97916667
-98.6,21.17,ORZHD,HGO,San Felipe Orizatl·n Hgo.,16.38888889
-98.47,19.73,ITESAAPAN,HGO,ITESA-Apan Hgo. SMN*,2.541935484
-98.36,20.08,TULANCINGOob,HGO,Observatorio de Tulancingo Hgo. SMN*,6.846153846
-98.72,20.19,ELCHICO,HGO,El Chico Hgo. SMN*,4.255172414
-98.97,20.28,ACTOPAN,HGO,Actopan Hgo. OCAVM*,8.662962963
-99.32,20.36,PROJOGOMEZ,HGO,Presa Rojo GÛmez Hgo. OCAVM*,7.94516129
-99.22,20.87,MARMOLES,HGO,Los M·rmoles Hgo. SMN*,6.7
-98.37,21.15,HUEHD,HGO,Huejutla Hgo. SMN*,15.02
-98.27,19.97,TEZONCUALPA,HGO,Tezoncualpa Hgo. OCAVM*,5.445833333
-98.08,20.46,HHTHD,HGO,Huehuetla Hgo.,14.28571429
-103.42,20.44,TLAJOMULCO,JAL,Tlajomulco Jal. SMN*,7.480645161
-103.4,18.97,TRJCM,JAL,Solidaridad Jal.,17.15
-104.57,19.23,CIHJL,JAL,Cihuatl·n Jal.,19.86666667
-103.47,19.7,CGZJL,JAL,Ciudad Guzm·n Jal.,9.455172414
-104.06,19.91,BBAJL,JAL,Basilio Vadillo Jal.,11.2
-104.37,19.98,TMLJL,JAL,RamÛn Corona Madrigal General Jal.,8.017241379
-105.13,20,CPEJL,JAL,CajÛn de PeÒa Jal.,20.53225806
-103.2,20.29,LDCJL,JAL,Lago de Chapala Jal.,12.91935484
-102.71,20.29,JMYJL,JAL,Jamay Jal.,6.216666667
-103.09,20.4,ATQJL,JAL,Atequiza Jal.,6.543478261
-103.65,20.47,HRTJL,JAL,Hurtado Jal.,6.142857143
-102.25,20.48,HUAJL,JAL,Huascato Jal.,8.431034483
-104.05,20.55,RAMJL,JAL,RÌo Ameca Jal.,7.482142857
-105.05,20.58,CULJL,JAL,Cuale Jal.,16.63333333
-103.32,20.58,TLAJL,JAL,Tlaquepaque Jal.,11.17307692
-103.36,20.58,PITJL,JAL,ProtecciÛn a Infraestructura y AtenciÛn a Emergencias Jal.,8.981481481
-103.85,20.6,VEGJL,JAL,Ing. Santiago Camarena Jal.,7.983333333
-103.37,20.67,GUAJL,JAL,Guadalajara Centro Jal.,10.29677419
-103.39,20.71,GUCJL,JAL,Guadalajara los Colomos Jal.,8.512903226
-103.33,20.73,EXPJL,JAL,La Experiencia Jal.,8.982758621
-103.45,20.75,BAZJL,JAL,Base AÈrea Zapopan Jal.,8.375
-103.45,21.07,CXTJL,JAL,Cuixtla Jal.,10.38235294
-102.85,21.13,CUNJL,JAL,La CuÒa Jal.,5.52173913
-102.5,21.3,SGRJL,JAL,San Gaspar de los Reyes Jal.,2.775862069
-101.85,21.35,SAUJL,JAL,La Sauceda Jal.,3.326923077
-101.92,21.36,LDMJL,JAL,Lagos de Moreno Jal.,4.222222222
-102.58,21.45,TCAJL,JAL,Teocaltiche Jal.,5.741935484
-101.74,21.5,CRTJL,JAL,El Cuarenta Jal.,5.379310345
-102.44,21.6,AJJJL,JAL,Ajoj˙car Jal.,2.7
-103.2,22.17,TENJL,JAL,Tenasco Jal.,5.173913043
-102.77,19.29,CHLMC,JAL,ConstituciÛn de Apatzing·n Jal.,16.43333333
-103.78,21.83,BLNJL,JAL,BolaÒos Jal.,10.76666667
-103.25,22.13,CLTJL,JAL,Colotl·n Jal.,6.148387097
-103.23,22.33,ACHZC,JAL,Achimec Jal.,2.224137931
-103.73,22.4,BCSJL,JAL,Bocas Jal.,3.637931034
-101.92,21.37,OLMJL,JAL,Observatorio de Lagos de Moreno Jal.,8.817241379
-104.29,19.85,ELCJL,JAL,El Corcovado Jal.,12.08333333
-104.78,20.48,CRNJL,JAL,Corrinchis Jal.,5.59375
-103.92,19.46,SMANANTLANI,JAL,Sierra Manatl·n 1 Jal. SMN*,7.032258065
-105.04,19.5,CHAMELA,JAL,Chamela-Cuixmala Jal. SMN*,18.04
-103.59,19.59,NEVADOCOLIMA,JAL,Nevado de Colima Jal. SMN*,3.46
-103.46,19.73,CDGUZMANob,JAL,Observatorio de Ciudad Guzm·n Jal. SMN*,9.304545455
-105.13,20,RIOTOMATLAN,JAL,RÌo Tomatl·n Jal. SMN*,20.09
-103.03,20.17,TZPJL,JAL,Tizap·n Jal.,11.45357143
-103.42,20.27,JOCJL,JAL,Jocotepec Jal. SMN*,11.33
-103.2,20.29,CHAJL,JAL,Chapala 1 Jal. SMN*,13.88333333
-103.39,20.71,GUADALAJARAob,JAL,Observatorio de Guadalajara  Jal. SMN*,7.492
-104.25,20.83,IXTLANRIO,JAL,Ixtl·n del RÌo Nay. SMN*,9.764516129
-101.94,21.35,LMORENOob,JAL,Observatorio de Lagos de Moreno Jal. SMN*,8.156
-103.27,22.11,COLOTLANob,JAL,Observatorio de Colotl·n Jal. SMN*,4.495652174
-99.24,19.53,CLYMX,MEX,Calacoaya MÈx.,5.086206897
-100.28,19.1,TROMX,MEX,Trojes MÈx.,2.483870968
-98.87,19.19,SLAMX,MEX,San Luis Ameca MÈx.,3.822580645
-99.51,19.2,CGCMX,MEX,Gerencia Conagua CODAGEM MÈx.,0.516129032
-99.76,19.24,SJHMX,MEX,San Juan de las Huertas MÈx.,2.517241379
-99.71,19.29,TOLUCAob,MEX,Observatorio de Toluca MÈx. SMN*,0.88
-99.28,19.45,PTLMX,MEX,Presa Totolica MÈx.,2.9
-99.24,19.45,EMOMX,MEX,El Molinito RÌo Hondo MÈx.,0.033333333
-99.78,19.46,PIRMX,MEX,Ignacio RamÌrez MÈx.,-1.391304348
-99.7,19.47,SBBMX,MEX,JosÈ Antonio Alzate MÈx.,-2.548387097
-99.22,19.48,MBLMX,MEX,Molino Blanco MÈx.,8.032258065
-98.88,19.48,CHPMX,MEX,Chapingo MÈx.,3.806451613
-99.22,19.57,ARBMX,MEX,Las Arboledas MÈx.,5.467741935
-98.92,19.58,GRDMX,MEX,La Grande MÈx.,6.516129032
-99.19,19.62,OBSMX,MEX,San MartÌn Obispo MÈx.,5.6
-99.05,19.63,K27MX,MEX,km 27+250 MÈx.,4.822580645
-98.86,19.64,SNLMX,MEX,San Lucas Mex.,2.633333333
-99.96,19.66,TPTMX,MEX,San AndrÈs Tepetitl·n MÈx.,1.790322581
-99.3,19.7,CNPMX,MEX,La ConcepciÛn MÈx.,3.387096774
-99.18,19.74,PCGMX,MEX,Puente Colgante MÈx.,2.741935484
-99.87,19.78,ATPMX,MEX,Atlacomulco Prepa. MÈx.,1.291666667
-99.56,19.88,DNXMX,MEX,DanxhÛ MÈx.,0.870967742
-99.12,19.9,TTQMX,MEX,Tajo de Tequixquiac Mex.,1.870967742
-99.86,20.04,PNDMX,MEX,—adÛ MÈx.,2.7
-99.7,20.05,HPNMX,MEX,Huapango MÈx.,1.266666667
-99.74,20.12,PMNMX,MEX,El Molino MÈx.,2.366666667
-99.42,18.99,OCUMX,MEX,Ocuil·n de Arteaga Mex.,5.15
-99.63,19.29,COBMX,MEX,Observatorio del Estado de MÈxico MÈx.,0.8
-99.28,19.45,TTLMX,MEX,Totolica hidromÈtricas MÈx.,7.103448276
-98.91,19.53,SADMX,MEX,San AndrÈs MÈx.,5.133333333
-98.91,19.54,ATEMX,MEX,Atenco MÈx.,4.677419355
-99.39,19.83,TXMHD,MEX,Taxhimay MÈx.,2.387096774
-99.47,18.8,CHDMX,MEX,Colonia Hidalgo Mex.,15.86363636
-99.65,19.3,RECMX,MEX,RectorÌa MÈx.,7.026666667
-99.7,19.33,CALMX,MEX,Calixtlahuaca MÈx.,-0.1
-99.8,19.63,SMLMX,MEX,Santa MarÌa del Llano MÈx.,0.451612903
-99.79,19.83,PFBMX,MEX,Francisco JosÈ Trinidad Fabela MÈx.,0.433333333
-99.94,18.93,TESMX,MEX,Texcaltitl·n MÈx.,3.3125
-99.8,19.33,TBRMX,MEX,Tres Barrancas MÈx.,-1.629032258
-98.9,19.44,TJCMX,MEX,El Tejocote MÈx.,1.229166667
-99.77,19.57,IXCMX,MEX,Ixtlahuaca MÈx.,0.863636364
-99.74,19.59,SLBMX,MEX,San Bartolo del Llano MÈx.,0.919354839
-99.68,19.12,NEVMX,MEX,Nevado de Toluca MÈx. SMN*,0.755172414
-98.66,19.12,ALTZOMONI,MEX,Altzomoni Mex. SMN*,-0.053333333
-99.96,19.21,CDEPIEDRAS,MEX,Corral de Piedras Mex. SMN*,-2.993548387
-100.14,19.31,DONATOGUERRA,MEX,Donato Guerra Mex. SMN*,5.266666667
-98.88,19.33,IXTAPALUCA,MEX,Ixtapaluca MÈx. OCAVM*,8.27
-100.08,19.38,VALLEDEBRAVO,MEX,Valle de Bravo MÈx. SGT*,-0.016129032
-99.24,19.47,CCHN,MEX,Colegio de Ciencias y Humanidades Naucalpan MÈx. UNAM*,8.53125
-98.89,19.49,CHAPINGO,MEX,Chapingo MÈx. SGT*,5.016666667
-98.83,19.5,SANCTORUM,MEX,Sanctorum MÈx. OCAVM*,4.605263158
-99.27,19.52,PREMX,MEX,Presa MadÌçn MÈx. SMN*,4.132258065
-99.97,19.54,CDELCERRILLO,MEX,Centro del Cerrillo Mex. OCAVM*,11.61612903
-99.52,19.57,CCAMX,MEX,Cerro Catedral MÈx. SMN*,1.348148148
-99.87,19.78,ATLMX,MEX,Atlacomulco MÈx. SMN*,4.216129032
-101.66,19.93,AMEMC,MICH,Aristeo Mercado Mich.,5.929642857
-102.21,18.02,MLCMC,MICH,Melchor Ocampo L. C. Mich.,20.58695652
-102.18,18.05,VILMC,MICH,JosÈ MarÌa Morelos y PavÛn Mich.,22.05
-101.88,18.27,INFMC,MICH,Infiernillo Mich.,20.04761905
-100.9,18.5,CMNMC,MICH,Caimanera Mich.,16.86363636
-102.2,18.8,LPSMC,MICH,La PastorÌa Mich.,16.88095238
-101.93,18.92,ZICMC,MICH,Zicuir·n Mich.,17.09677419
-102.37,19.08,APATZINGAN,MICH,Apatzing·n Mich. SMN*,22.432
-102.37,19.08,APTMC,MICH,Apatzing·n Mich.,15.17241379
-102.87,19.21,LOLMC,MICH,Los Olivos Mich.,15.7
-101.05,19.49,PDBMC,MICH,Planta de Bombeo Mich.,4.983870968
-101.45,19.55,VJIMC,MICH,Villa JimÈnez Mich.,3.4
-100.61,19.58,AGOMC,MICH,Agostitl·n Mich.,3.583333333
-100.68,19.62,PUCMC,MICH,Pucuato Mich.,3.023809524
-101.26,19.63,COIMC,MICH,CoÌntzio Mich.,5.451612903
-101.18,19.69,MORMC,MICH,Morelia Mich.,8.177419355
-101.2,19.7,MNOMC,MICH,Morelia Norte Mich.,6.943333333
-101.1,19.7,MCEMC,MICH,Morelia Centro Mich.,8.129032258
-100.55,19.7,CHIMC,MICH,Ciudad Hidalgo Mich.,4.967741935
-101.8,19.81,ZCAMC,MICH,Zacapu Mich.,6.48
-100.87,19.83,MLPMC,MICH,MalpaÌs Mich.,2.666666667
-102.65,19.84,SJUMC,MICH,San Juanico Mich.,8.821428571
-100.83,19.86,ZINMC,MICH,ZinapÈcuaro Mich.,4.931818182
-100.44,19.89,MRVMC,MICH,MaravatÌo Mich.,3.903225806
-102.14,19.96,UREMC,MICH,Urepetiro Mich.,3.403225806
-102.32,19.96,ORAMC,MICH,Orandino Mich.,7.518518519
-100.45,19.97,EGIMC,MICH,El Gigante Mich.,5.177419355
-102.27,19.97,CHAMC,MICH,Chaparaco Mich.,7.04
-100.23,20,TEPMC,MICH,Tepuxtepec Mich.,7.451612903
-102.28,20.01,ZAMMC,MICH,Zamora Mich.,6.24137931
-100.41,19.84,LDFMC,MICH,Laguna del Fresno Mich.,5.55
-102.72,20.07,SAHMC,MICH,Sahuayo Mich.,8.05
-102.4,20.1,SSIMC,MICH,San SimÛn Mich.,10.80645161
-101.72,20.13,ANGMC,MICH,Angamacutiro Mich. SMN*,9.048387097
-101.72,20.13,MOCMC,MICH,Melchor Ocampo Mich.,5.551724138
-102.75,20.15,LPAMC,MICH,La Palma Mich.,10.20666667
-101.86,20.21,CORMC,MICH,Corrales Mich.,6.785714286
-101.99,20.23,ADUMC,MICH,Adjuntas Mich.,3.925925926
-101.63,20.25,LANMC,MICH,Los ¡ngeles Mich.,9.073076923
-101.6,20.3,PORMC,MICH,Pastor Ortiz Mich.,5.741935484
-102.44,20.3,DGNMC,MICH,De Gonzalo Mich.,11.18965517
-101.46,20.32,CBLMC,MICH,Casa Blanca Mich.,5.466666667
-102.24,20.34,YURMC,MICH,YurÈcuaro Mich.,9.161290323
-102,20.35,LPDMC,MICH,La Piedad Mich.,5.103448276
-102.6,19.96,JARMC,MICH,Jaripo Mich.,7.314814815
-102.54,19.98,GUAMC,MICH,Guaracha Mich.,8
-102.42,20.18,BIBMC,MICH,Barraje de Ibarra Mich.,9.933333333
-102.46,20.21,SCRMC,MICH,San CristÛbal Mich.,6.537037037
-102.13,18.85,LPNMC,MICH,Los Panches Mich.,15.75
-102.18,17.94,LCARDENASMAR,MICH,L·zaro C·rdenas Mich. SEMAR*,21.89333333
-101.93,18.92,PZICUIRAN,MICH,Presa Zicuir·n Mich. SMN*,19.57
-102.08,19.42,URUAPAN,MICH,Uruapan Mich. SMN*,6.963333333
-100.29,19.54,MMONII,MICH,Mariposa Monarca 2 Mich. SMN*,1.88
-100.28,19.67,MMONARCAI,MICH,Mariposa Monarca 1 Mich. SMN*,2.126666667
-101.2,19.7,MORELIAob,MICH,Observatorio de Morelia Mich. SMN*,7.78125
-100.3,19.77,TMUMC,MICH,Tercer Mundo Mich.,6.08
-99.32,18.63,PIXMR,MOR,Puente de Ixtla Mor.,9.96
-98.76,18.88,OCTMR,MOR,Ocuituco Mor.,8.84
-99.1,18.79,TICMR,MOR,Ticum·n Mor.,12.24
-98.83,18.95,ACHMR,MOR,Achichipico Mor.,10.76
-98.7,18.88,HUEMR,MOR,Hueyapan Mor.,6.5
-99.04,18.58,SPHMR,MOR,San Pablo Hidalgo Mor.,12.28571429
-99.02,18.44,HUTMR,MOR,Huautla Mor.,9.827586207
-99.31,18.49,TILMR,MOR,Tilzapotla Mor.,13.52173913
-99.19,18.52,XICMR,MOR,Xicatlacotla Mor.,11.2962963
-99.18,18.57,HIGMR,MOR,HiguerÛn Mor.,13.29032258
-98.84,18.6,TPLMR,MOR,Tepalcingo Mor.,12.38709677
-99.4,18.6,AMCMR,MOR,Amacuzac Mor.,11.5862069
-99.2,18.6,JOJMR,MOR,Jojutla Mor.,11.82258065
-99.42,18.61,HUAMR,MOR,Huajintl·n Mor.,11.41935484
-99.2,18.65,ZCTMR,MOR,Zacatepec Mor.,11.74193548
-98.91,18.68,LCUMR,MOR,La Cuera Mor.,12.03333333
-98.8,18.7,JNCMR,MOR,Jonacatepec Mor.,8.4
-99,18.73,MYOMR,MOR,Moyotepec Mor.,13.03225806
-99.27,18.74,ALUMR,MOR,Alpuyeca Mor.,12.75
-99.33,18.77,RODMR,MOR,El Rodeo Mor.,12.4047619
-98.79,18.78,TMCMR,MOR,Temoac Mor.,10.125
-98.9,18.8,CUAMR,MOR,Cuautla Mor.,8.857142857
-98.75,18.81,TLOMR,MOR,Tlacotepec Mor.,9.611111111
-99.2,18.9,CUEMR,MOR,Cuernavaca Mor.,12.24137931
-99.2,18.9,TEMMR,MOR,Temixco Mor.,12.66666667
-99.1,18.9,YAHMR,MOR,Yautepec Mor.,11.01612903
-98.9,18.9,OAXMR,MOR,Oaxtepec Mor.,12.55
-99.22,18.91,OBSMR,MOR,Observatorio de Morelos Mor.,11.62258065
-99.19,18.92,SLDMR,MOR,Solidaridad Mor.,12.4516129
-98.92,18.99,TOTMR,MOR,Totoloapan Mor.,9.666666667
-99.26,19.03,HUIMR,MOR,Huitzilac Mor.,3.6
-98.94,19.04,TLCMR,MOR,Tlacualera Mor.,3.555555556
-99.14,18.52,NEXMR,MOR,Nexpa Mor.,9.333333333
-98.79,18.69,ELPMR,MOR,El PeÒÛn Mor.,12.93333333
-98.9,18.94,ATLMR,MOR,Atlatlahucan Mor.,8.903225806
-99.25,19.05,TRESMARIAS,MOR,Tres MarÌas Mor. SMN*,2.896774194
-99.25,18.68,XXOMR,MOR,Xoxocotla Mor.,10.40625
-99.26,18.73,OACMR,MOR,Oacalco Mor.,14.14285714
-99.16,18.77,PROMR,MOR,Progreso Mor.,11.51176471
-98.94,18.54,SHUAUTLA,MOR,Sierra de Huautla Mor. SMN*,15.23666667
-99.25,18.61,TQGMR,MOR,Tequesquitengo Mor.,14.8
-99.46,18.68,APAMR,MOR,Apacingo Mor.,12.07894737
-98.96,18.85,CASMR,MOR,Casasano Mor.,12.6875
-98.71,18.88,TETMR,MOR,Tetela del Volc·n Mor.,8.020833333
-99.16,18.88,IMTA,MOR,Instituto Mexicano de TecnologÌa del Agua Mor.*,13.09333333
-99.23,18.93,CUERNAVACAob,MOR,Observatorio de Cuernavaca Mor. SMN*,12.728
-98.78,18.94,HUXMR,MOR,Huecahuaxco Mor.,8.925
-99.31,19.05,LZEMPOALA,MOR,Lagunas de Zempoala Mor. SMN*,-0.174193548
-105.14,20.89,GAVNR,NAY,Gaviotas Nay.,16.425
-104.89,21.49,TEPNR,NAY,Tepic Nay.,14.2
-105.11,21.83,CAPNR,NAY,Capomal Nay.,14.56451613
-104.52,22.25,JMANR,NAY,Jes˙s MarÌa Nay.,10.8
-105.39,22.47,ACAPONETA,NAY,Acaponeta Nay. SMN*,15.37241379
-105.35,22.49,ACANR,NAY,Acaponeta Nay.,14.87931034
-104.89,21.49,TEPICob,NAY,Observatorio de Tepic Nay. SMN*,12.688
-106.54,21.63,ISLASMARIASMAR,NAY,Islas MarÌas Nay. SEMAR*,18
-105.29,21.53,SANBLASMAR,NAY,San Blas Nay. SEMAR*,18.31
-105.33,22.22,MARISMAS,NAY,Marismas Nacionales Nay. SMN*,16.78518519
-100.01,25.27,AL2NL,NL,Allende Dos N. L.,8.785714286
-100.17,23.68,DARNL,NL,Doctor Arroyo N.L.,6.64516129
-99.78,23.98,ZRGNL,NL,Zaragoza N.L.,6.655172414
-99.82,24.1,ARRNL,NL,Aramberri N.L.,6.928571429
-99.91,24.32,ASCNL,NL,La AscensiÛn N.L.,2.344827586
-99.7,24.78,CRUNL,NL,Crucitas N.L.,9.75
-100.08,24.83,GALNL,NL,Galeana N.L.,6.216666667
-99.58,24.87,CAMNL,NL,Camacho N.L.,11.16666667
-99.4,24.94,CPRNL,NL,JosÈ LÛpez Portillo N.L.,11.96551724
-99.74,24.99,CABNL,NL,Cabezones N.L.,8.827586207
-99.22,24.99,PAMNL,NL,La Pamona N.L.,8.25
-100.55,25.03,SRANL,NL,San Rafael N.L.,0.333333333
-99.83,25.17,MTMNL,NL,Montemorelos N.L.,8.672413793
-100.13,25.43,LBCNL,NL,La Boca N.L.,9.827586207
-99.53,25.5,LERNL,NL,Las Enramadas N.L.,10.01923077
-100.2,25.52,ECSNL,NL,El Cerrito N.L.,7.5
-100.27,25.68,MTRNL,NL,Monterrey N.L.,11.86206897
-100.3,25.73,OBSNL,NL,Observatorio de Nuevo LeÛn N.L.,12.02068966
-100.27,25.8,CANNL,NL,El Canad· N.L.,11.38461538
-100.17,25.95,CDFNL,NL,CiÈnega de Flores N.L.,12.18518519
-99.2,26.02,MDRNL,NL,Madero N.L.,11.32
-99.61,26.09,CRVNL,NL,Cerralvo N.L.,10.19354839
-100.13,27.24,ANHNL,NL,An·huac N.L.,10.23214286
-99.28,25.71,CCHNL,NL,Cuchillo-Solidaridad N.L.,12.32142857
-100.12,23.42,MYNNL,NL,Mier y Noriega N.L.,7.928571429
-99.44,24.98,CARNL,NL,Carmen de los Elizondo Linares N.L.,9.5
-100.31,25.58,ELDIENTE,NL,El Diente N. L. SMN*,9.230769231
-100.3,25.73,MONTERREYob,NL,Observatorio de Monterrey N.L. SMN*,12.748
-100.23,26.03,OBSMONTERREY,NL,Observatorio de Monterrey N.L. SMN*,5.667857143
-96.3,17.78,VANOX,OAX,Valle Nacional Oax.,18.60869565
-96.53,17.43,ATEOX,OAX,Atepec Oax.,8.96
-96.91,18.21,LCAOX,OAX,La Carbonera Oax.,9.086956522
-96.45,17.12,SMAOX,OAX,San Antonio Cuajimoloyas Oax.,3.387096774
-96.72,15.81,COZOX,OAX,San Francisco Cozoaltepec Oax.,18.14814815
-95.7,16.01,ASTOX,OAX,Astata Oax.,20.69354839
-95.48,16.59,RHOOX,OAX,RÌo Hondo Oax.,18.12903226
-96.48,15.67,PTAOX,OAX,Puerto ¡ngel Oax.,22.28666667
-95.2,16.18,SCROX,OAX,Salina Cruz Oax.,23.39642857
-94.22,16.4,ZANOX,OAX,Zanatepec Oax.,20.15
-95.6,16.42,TEQOX,OAX,Tequisistl·n Oax.,17.45
-95.1,16.58,IXTOX,OAX,Ixtepec Oax.,22.28571429
-94.82,16.58,CHIOX,OAX,Chicapa Oax.,22.33333333
-95.93,16.65,BOQOX,OAX,Boquilla 1 Oax.,15
-96.7,17,OAOOX,OAX,Observatorio de Aeropuerto Oaxaca Oax.,10.41724138
-96.73,17.07,OACOX,OAX,Oaxaca Centro Oax.,13.15517241
-96.72,17.07,BAEOX,OAX,Base AÈrea Oax.,9.909090909
-95.48,17.45,MAROX,OAX,MarÌa Lombardo Oax.,17.79545455
-97.78,17.81,HLOOX,OAX,Observatorio de Huajuapan de LeÛn Oax.,7.887096774
-96.2,17.87,JACOX,OAX,Jacatepec Oax.,17.73333333
-96.53,17.88,SFUOX,OAX,San Felipe Usila Oax.,16.25
-96.26,18,CDOOX,OAX,Miguel de la Madrid Hurtado Oax.,17.64814815
-96.41,18.23,TEMOX,OAX,Presidente Alem·n Oax.,18.96551724
-95.92,17.73,RMLOX,OAX,RÌo Manso Lalana Oax.,18.30434783
-98.14,17.5,SLAOX,OAX,Silacayo·pam Oax.,11.21428571
-97.42,17.55,TEPOX,OAX,San Juan Teposcolula Oax.,4.075
-97.82,17.75,FOYOX,OAX,San Francisco Yosocuta Oax.,11.57894737
-98.39,17.76,ZALOX,OAX,Zapotitl·n Lagunas Oax.,11.90384615
-97.82,17.89,ZAPOX,OAX,Zapotitl·n Palmas Oax.,10.84615385
-97.54,17.73,STTOX,OAX,Santiago Teotongo Oax.,5.957142857
-95.37,16.43,EMAOX,OAX,El MarquÈs Oax.,21.19354839
-96.55,17.27,SCIOX,OAX,Ixtepeji Oax.,9.392857143
-97.68,18.19,SNCOX,OAX,Santiago Chazumba Oax.,8.625
-95.93,17.15,ZACOX,OAX,Zacatepec Oax.,14.26315789
-97.81,17.65,TSLOX,OAX,Heroica Villa Tezoatl·n de Segura y Luna Oax.,7.442307692
-97.78,17.81,HDLOX,OAX,Huajuapan de LeÛn Oax.,9.527777778
-97.02,17.46,CMTOX,OAX,Santiago Camotl·n Oax.,11.21428571
-98.28,17.53,CALOX,OAX,Calihual· Oax.,10.54545455
-96.49,15.67,PANGELob,OAX,Observatorio de Puerto ¡ngel Oax. SMN*,22.58333333
-97.69,15.97,LCHACAHUA,OAX,Laguna Chacahua Oax. SMN*,21.6
-95.23,16.16,SALINACRUZob,OAX,Observatorio de Salina Cruz Oax. SMN*,23.54
-96.58,16.34,MIAHUATLAN,OAX,Miahuatl·n Oax. SMN*,9.680645161
-98.05,16.35,PNTOX,OAX,Pinotepa Oax. SMN*,19.59032258
-95.04,16.88,MROOX,OAX,MatÌas Romero Oax. SMN*,19.95769231
-96.72,17,OAXACAob,OAX,Observatorio de Oaxaca Oax. SMN*,10.824
-97.84,17.16,SACOX,OAX,San AndrÈs Chicahuaxtla Oax.,8.708333333
-97.25,17.44,NOCHISTLAN,OAX,Nochistl·n Oax. SMN*,5.574193548
-97.77,17.79,HUAJUAPANob,OAX,Observatorio de Huajuapan de LeÛn Oax. SMN*,7.7875
-97.01,18.33,ZOQPB,PUE,Zoquitl·n Pue.,11.73076923
-96.85,18.4,TLPPB,PUE,Tlacotepec de DÌaz Pue.,15.70967742
-98.57,18.11,CHSPB,PUE,Chila de la Sal Pue.,12.16666667
-98.26,18.2,PIXPB,PUE,Piaxtla Pue.,11.12903226
-98.78,18.45,TELPB,PUE,Teotlalco Pue.,10.48387097
-97.4,18.48,TEHPB,PUE,Tehuac·n Pue.,7.935483871
-98.58,18.52,CHIPB,PUE,Chietla Pue.,13.22580645
-98.47,18.61,IZMPB,PUE,Iz˙car de Matamoros Pue.,14
-97.91,18.74,SMCPB,PUE,San Miguel Canoa Pue.,3.419354839
-98.54,18.77,HQCPB,PUE,Huaquechula Pue.,11.03225806
-97.75,18.88,TECPB,PUE,Tecamachalco Pue.,5.966666667
-98.11,18.91,BDDPB,PUE,Manuel ¡vila Camacho Pue.,3.790322581
-97.25,18.92,PCRPB,PUE,Paso Carretas Pue.,3.482758621
-98.42,18.92,ATXPB,PUE,Atlixco Pue.,10.09677419
-98.14,18.94,AFRPB,PUE,Africam Pue.,6.7
-98.28,18.97,ECHPB,PUE,EcheverrÌa Pue.,6.266666667
-97.96,18.97,CEMPB,PUE,Cemex Pue.,4.387096774
-97.44,18.99,CDSPB,PUE,Ciudad Serd·n Pue.,3.774193548
-98.23,19.01,MAYPB,PUE,Mayorazgo 21 Poniente Pue.,6.274193548
-98.2,19.02,CNAPB,PUE,Conagua Pue.,7.338709677
-98.17,19.05,PUOPB,PUE,Observatorio de Puebla Pue.,6.387096774
-97.93,19.06,ACJPB,PUE,Acajete Pue.,4.967741935
-98.32,19.07,CHLPB,PUE,Cholula Pue.,6.467741935
-98.06,19.09,CPLPB,PUE,Capulac Pue.,6.032258065
-98.46,19.1,HJTPB,PUE,Huejotzingo Pue.,5.133333333
-97.62,19.25,QUIPB,PUE,Quimixtl·n Pue.,8.482758621
-97.42,19.45,ACHPB,PUE,Alchichilca Pue.,2.483333333
-97.69,19.46,LIBPB,PUE,Libres Pue.,5.516129032
-97.49,19.49,TPYPB,PUE,Tepeyahualco Pue.,3.9
-97.53,19.7,OYAPB,PUE,Oyameles Pue.,1.129032258
-98.05,19.74,CNGPB,PUE,Chignahuapan Pue.,1.666666667
-97.36,19.82,TEZPB,PUE,Teziutl·n Pue.,6.482758621
-97.81,19.83,TEOPB,PUE,Tetela de Ocampo Pue.,6.666666667
-97.58,19.86,ZCPPB,PUE,Zacapoaxtla Pue.,7.896551724
-97.79,20,TDRPB,PUE,Tepango de RodrÌguez Pue.,5.677419355
-98.15,20.03,AHUPB,PUE,Ahuazontepec Pue.,2.214285714
-97.52,20.03,CTZPB,PUE,Cuetzalan Pue.,11.23076923
-98.05,20.18,HUAPB,PUE,Huauchinango Pue.,9.666666667
-97.83,20.18,ZRGPB,PUE,Zaragoza Pue.,5.206896552
-97.96,20.28,XDJPB,PUE,Xicotepec de Ju·rez Pue.,10.7037037
-97.88,20.39,AVCPB,PUE,¡vila Camacho Pue.,16.82142857
-97.84,20.41,APAPB,PUE,Apapantilla Pue.,15.75
-97.68,20.51,VENPB,PUE,Venustiano Carranza Pue.,8.866666667
-98.06,18.28,ADOPB,PUE,Acatl·n de Osorio Pue.,11.90322581
-98.16,18.61,COAPB,PUE,Coatzingo Pue.,10.64516129
-98.22,19.11,SCRPB,PUE,San CristÛbal Caleras Pue.,4.14516129
-98.04,20.37,TLXPB,PUE,Tlaxco Pue.,9.884615385
-97.4,20.12,RNAPB,PUE,Rancho Nuevo Pue.,15.81481481
-97.62,18.31,TEHUACAN,PUE,Tehuac·n Pue. SMN*,10.12666667
-98.57,18.68,IZUPB,PUE,Iz˙car de Matamoros Pue. SMN*,11.58064516
-97.92,18.85,AHAPB,PUE,Ahuatepec Pue.,6.870967742
-97.72,18.87,UTTPB,PUE,Universidad TecnolÛgica Tecamachalco Pue. SMN*,6.835483871
-98.17,19.05,PUEBLAob,PUE,Observatorio de Puebla Pue. SMN*,6.536
-98.58,19.33,SRTPB,PUE,Santa Rita Tlahuapan Pue.,4.258064516
-97.39,19.89,TEZIUTLAN,PUE,Teziutl·n Pue. SMN*,5.762068966
-98.05,20.18,UDSPB,PUE,Universidad de la Sierra Pue.,8.269230769
-100.37,20.57,GHQQT,QRO,Gerencia Hidalgo Qro.,8.788888889
-99.96,20.2,IDFQT,QRO,San Ildefonso Qro.,5.117647059
-100,20.36,SJSQT,QRO,San JosÈ Qro.,7
-100.08,20.42,CNSQT,QRO,ConstituciÛn de 1917 Qro.,6.722222222
-100.41,20.5,BATQT,QRO,El Bat·n Qro.,6
-100.45,20.54,EPUQT,QRO,El Pueblito Qro.,7.5
-100.37,20.57,OBSQT,QRO,Observatorio de QuerÈtaro Qro.,8.95
-100.44,20.6,CARQT,QRO,Carrillo Qro.,9.818181818
-100.45,20.7,JRQQT,QRO,Juriquilla Qro.,5.611111111
-99.82,21.06,PMLQT,QRO,PeÒamiller Qro.,8.6875
-99.48,21.23,JLPQT,QRO,Jalpan Qro.,9.5
-100.23,20.62,MARQT,QRO,El MarquÈs Qro.,5.666666667
-100.28,20.39,HUIQT,QRO,Huimilpan Qro. SMN*,5.648387097
-99.47,21.21,PJALPAN,QRO,Presa Jalpan Qro. SMN*,12.55172414
-99.17,21.5,SGORDAI,QRO,Sierra Gorda 1 Qro. SMN*,8.09
-89.72,19.46,DZILBACHEN,QROO,DzilbachÈn Camp. SMN*,18.85806452
-87.49,21.1,KANTUNILKIN,QROO,KantunilkÌn Q. Roo. SMN*,19.18709677
-88.33,18.5,CHOQR,QROO,Chetumal Q. Roo.,20.02758621
-88.04,19.58,FCRQR,QROO,Felipe Carrillo Puerto Q. Roo.,17.48666667
-86.95,20.51,COZQR,QROO,Cozumel Q. Roo.,21.73333333
-87.08,20.63,PDCQR,QROO,Playa del Carmen Q. Roo.,20.98666667
-86.82,21.16,CANQR,QROO,Canc˙n Q. Roo.,22.93333333
-88.88,17.9,LAUNION,QROO,La UniÛn Q. Roo. SMN*,20.91
-87.84,18.28,AXCALAK,QROO,Arrecifes Xcalak Q. Roo. SMN*,22.85769231
-88.92,18.46,NICOLASBRAVO,QROO,Nicol·s Bravo Q. Roo. SMN*,18.9516129
-88.33,18.5,CHETUMALob,QROO,Observatorio de Chetumal Q. Roo. SMN*,20.37916667
-88.7,19.75,JMORELOS,QROO,JosÈ MarÌa Morelos Q. Roo. SMN*,19.05666667
-87.23,20.5,PTOVENTURAMAR,QROO,Puerto Ventura Q. Roo. SEMAR*,19.78695652
-86.78,21.07,CNCQR,QROO,Canc˙n Radar Q. Roo. SMN*,21.43103448
-107.06,24.75,VINSI,SIN,Vinoramas Sin.,10.20967742
-107.76,25.12,RAVSI,SIN,EstaciÛn Rancho Viejo Sin.,9.8
-105.85,23.09,TORSI,SIN,Las Tortugas Sin.,12.25
-105.85,22.98,RSRSI,SIN,Rosario Sin.,14.55555556
-106.4,23.23,MZTSI,SIN,Mazatl·n Sin.,14.71724138
-106.25,23.35,SQRSI,SIN,Siqueros Sin.,12.68333333
-106.47,23.56,QLTSI,SIN,Quelite Sin.,12.40322581
-106.9,23.92,LCRSI,SIN,La Cruz Sin.,12.51612903
-106.6,23.96,IXPSI,SIN,Ixpalino Sin.,12.33928571
-106.7,24.12,SLTSI,SIN,Ing. Aurelio Benassini Vizcaino Sin.,12.96666667
-106.81,24.57,JLPSI,SIN,JosÈ LÛpez Portillo Sin.,12.70689655
-107.44,24.63,OBSSI,SIN,Observatorio de Culiac·n Sin.,13.36896552
-107.1,24.45,SLRSI,SIN,San Lorenzo Sin.,12.84482759
-107.4,24.82,CLCSI,SIN,Culiac·n Sin.,12.24193548
-107.47,25.03,AWSSI,SIN,Andrew Weiss Sin.,9.870967742
-107.84,25.49,SJNSI,SIN,San Juan Sin.,11.34482759
-107.54,25.33,BDRSI,SIN,Badiraguato Sin.,8.64516129
-107.22,25.34,GTNSI,SIN,Guatenipa Sin.,11.87096774
-108.09,25.47,GMCSI,SIN,Guam˙chil Sin.,12.26666667
-108.47,25.72,GSVSI,SIN,Guasave Sin.,11.87096774
-108.36,25.74,ZOPSI,SIN,El Zopilote Sin.,10.16071429
-109,25.8,MCHSI,SIN,Los Mochis Sin.,13.14516129
-108.01,25.9,JNASI,SIN,Jaina Sin.,9.419354839
-109.18,25.92,AHMSI,SIN,Ahome Sin.,12.54166667
-109.33,25.98,HDZSI,SIN,Higuera de Zaragoza Sin.,12.7
-108.78,26.07,SFRSI,SIN,Sufragio Sin.,11.925
-109.33,26.1,CRRSI,SIN,El Carrizo Sin.,9.769230769
-108.7,26.43,JORSI,SIN,Josefa Ortiz de DomÌnguez Sin.,12.08333333
-108.62,26.43,EFTSI,SIN,El Fuerte Sin.,9.5
-108.58,26.51,PMHSI,SIN,Miguel Hidalgo Sin.,8.370967742
-109.07,25.59,TOPOLOBAMPOMAR,SIN,Topolobampo Sin. SEMAR*,16.20322581
-106.65,24.05,ACTSI,SIN,Acatit·n Sin.,9.592592593
-106.95,24.48,SCRSI,SIN,Santa Cruz Sin.,11.81481481
-107.16,24.81,SN2SI,SIN,Sanalona hidromÈtrica Sin.,8.009677419
-107.38,25.09,AL2SI,SIN,El Varejonal hidromÈtrica Sin.,10.55
-107.91,25.86,GD2SI,SIN,Bacurato hidromÈtrica de Gustavo Diaz Ord·z Sin.,11.5483871
-108.32,26.08,GB2SI,SIN,El Sabinal hidromÈtrica Sin.,11.35
-108.35,26.9,LD2SI,SIN,Huites hidromÈtrica Sin.,7.354166667
-107.4,24.8,CULIACANob,SIN,Observatorio de Culiac·n Sin SMN*,11.58
-107.84,25.49,SANJUAN,SIN,San Juan Sin. SMN*,11.58709677
-108.7,25.7,ARCSI,SIN,Adolfo RuÌz CortÌnes Sin.,10.53571429
-108.62,26.41,ELFUERTE,SIN,El Fuerte Sin. SMN*,9.487096774
-108.33,26.72,CHOIXob,SIN,Observatorio de Choix Sin. SMN*,8.356
-108.33,26.74,CHXSI,SIN,Choix EstaciÛn Sin.,7.044444444
-106.41,23.22,MAZATLANob,SIN,Observatorio de Mazatl·n  Sin. SMN*,15.87727273
-107.19,24.25,OBISPO,SIN,Obispo Sin. SMN*,12.44333333
-98.76,21.24,TMTSL,SLP,Temamatla S.L.P.,12.93103448
-98.86,21.25,TBLSL,SLP,Tierra Blanca S.L.P.,16.105
-98.8,21.33,MTPSL,SLP,Matlapa S.L.P.,15.288
-98.89,21.42,RQTSL,SLP,Requetemu S.L.P.,16.51
-98.62,21.69,SVTSL,SLP,San Vicente S.L.P.,17.336
-98.96,21.75,BLMSL,SLP,Ballesmi S.L.P.,14.822
-98.94,21.85,PUJSL,SLP,El Pujal S.L.P.,14.24814815
-99.24,21.91,GANSL,SLP,Gallinas S.L.P.,12.85357143
-100,21.93,RVDSL,SLP,RÌo Verde S.L.P.,11.50833333
-99.02,21.98,CDVSL,SLP,Ciudad Valles S.L.P.,16.375
-98.77,22,TMISL,SLP,TamuÌn S.L.P.,16.95666667
-99.16,22.12,MICSL,SLP,Micos S.L.P.,14.85555556
-101.02,22.15,SLPSL,SLP,San Luis PotosÌ S.L.P.,6.61
-101,22.2,SGRSL,SLP,Soledad Graciano S.L.P.,6.666666667
-99.32,22.52,NRJSL,SLP,Naranjos S.L.P.,11.6
-100.64,23.66,MATSL,SLP,Matehuala S.L.P.,6.034482759
-99.83,21.65,PMYSL,SLP,Pedro Montoya S.L.P.,11.11538462
-98.56,21.97,AJTSL,SLP,Las Adjuntas S.L.P.,15.78928571
-98.82,21.32,MATLAPAob,SLP,Observatorio de Matlapa S.L.P. SMN*,14.45789474
-100.94,21.81,GOGORRON,SLP,GogorrÛn S.L.P. SMN*,6.138709677
-100,21.92,RIOVERDEob,SLP,Observatorio de RÌo Verde S.L.P. SMN*,11.18571429
-100.02,21.94,CDFERNANDEZ,SLP,Ciudad Fern·ndez S.L.P. SMN*,11.56842105
-99.03,21.98,CDVALLES,SLP,Ciudad Valles S.L.P. SMN*,15.56551724
-100.98,22.18,SLPOTOSIob,SLP,Observatorio de San Luis Potosi S.L.P. SMN*,6.96
-100.67,23.65,MA2SL,SLP,Matehuala S.L.P. SMN*,7.306451613
-110.29,30.98,CNNSO,SON,Cananea Son.,3.137931034
-114.78,32.48,SLCSO,SON,San Luis RÌo Colorado Son.,6.807692308
-110.24,28.71,SJPSO,SON,San JosÈ de Pimas Son.,4.869565217
-109.89,27.75,AGCSO,SON,Agua Caliente Son.,8.016129032
-108.76,26.6,CZNSO,SON,Cazanate Son.,6.8
-109.44,27.07,NVJSO,SON,Navojoa Son.,10.03225806
-109.11,27.23,ARCSO,SON,Adolfo RuÌz CortÌnes Son.,10.76666667
-108.88,27.41,SBNSO,SON,San Bernardo Son.,8.290322581
-109.62,27.42,CCRSO,SON,Cocoraque Son.,6.5
-109.94,27.5,COBSO,SON,Ciudad ObregÛn Son.,9.516129032
-109.21,27.66,TSOSO,SON,Tesocoma Son.,4.209677419
-109.89,27.82,AOBSO,SON,¡lvaro ObregÛn Son.,12.14516129
-110.85,27.95,GYMSO,SON,Guaymas Son.,12.11612903
-110.8,27.95,EPLSO,SON,Empalme Son.,10.32258065
-108.92,28.37,YC2SO,SON,YÈcora Son. SMN*,-1.293548387
-108.93,28.37,YCRSO,SON,YÈcora Son.,-2.622258065
-110.4,28.43,IRASO,SON,Ignacio R. Alatorre Son.,6.225806452
-110.31,28.47,PTASO,SON,Punta de Agua 2 Son.,4.516129032
-111.83,28.75,BAHIAKINO,SON,BahÌa de Kino Son. SMN*,7.603225806
-109.64,28.98,PECSO,SON,Plutarco ElÌas Calles Son.,7.456666667
-110.92,29.07,HM2SO,SON,Observatorio de Hermosillo Son.,9.116666667
-110.93,29.07,HMNSO,SON,Hermosillo Son.,10.67307692
-109.23,29.2,ECBSO,SON,El Cubil Son.,4.574193548
-110.73,29.21,PMOSO,SON,Ing. Rodolfo FÈlix ValdÈs Son.,7.403225806
-110.71,29.23,ORGSO,SON,El Oregano Son.,8.195652174
-110.74,29.47,CJNSO,SON,El CajÛn Son.,4.178064516
-109.5,29.53,TPCSO,SON,Tepache Son.,7.1
-110.23,29.82,ACNSO,SON,Aconchi Son.,3.032903226
-111.02,30.05,QRBSO,SON,Querobabi Son.,3.483870968
-108.96,30.21,HSHSO,SON,Huachinera Son.,0.258064516
-110.17,30.34,ARZSO,SON,Arizpe Son.,-1.249333333
-108.93,30.36,BCRSO,SON,Bacerac Son.,-0.44
-109.69,30.37,NCZSO,SON,Nacozari Son.,4.838888889
-111.45,30.39,SRSSO,SON,Santa Rosa 2 Son.,4.620689655
-109.38,30.44,LCDSO,SON,L·zaro C·rdenas Son.,7.624137931
-110.24,30.6,BCNSO,SON,Bacanuchi Son.,-0.75
-112.12,30.7,PTQSO,SON,Pitiquito Son.,3.484193548
-111.73,30.72,ALTSO,SON,Altar Son.,5.764516129
-110.89,30.76,IMRSO,SON,Imuris Son.,1.4004
-111.52,30.87,CHTSO,SON,CuauhtÈmoc Son.,4.379310345
-113.55,31.35,PT2SO,SON,Puerto PeÒasco Son.,9.980645161
-110.95,31.32,NGLSO,SON,Nogales Son.,5.117241379
-112.85,31.87,NYNSO,SON,Sonoyta Son.,3.129032258
-110.14,29,MZTSO,SON,Mazat·n Son.,4.956521739
-109.14,26.46,TOTOLIBOQUI,SON,Totoliboqui Son. REMAS*,10
-109.05,26.5,EJIDO21MARZO,SON,Ejido 21 de Marzo Son. REMAS*,8.158064516
-109.7,26.77,JULIANTABAMPO,SON,Juliantabampo Son. REMAS*,9
-108.97,26.8,CHINO,SON,Chino Gordo Son. REMAS*,5.34516129
-109.53,26.81,REGLA,SON,La Regla Son. REMAS*,8.180645161
-109.6,26.82,HUATABAMPO,SON,Huatabampo Son. REMAS*,8.422580645
-109.68,26.84,NAVOBAXIA,SON,Navobaxia Son. REMAS*,7.987096774
-109.75,26.9,SAHUARALO,SON,Sahuaral de Otero Son. REMAS*,8.222580645
-109.48,26.9,TRESCARLOS,SON,Tres Carlos Son. INIFAP*,7.5
-109.62,26.93,VASCONIA,SON,La Vasconia Son. REMAS*,8.161290323
-109.42,26.97,CAPETAMAYA,SON,Capetamaya Son. REMAS*,6.258064516
-109.83,27,BLOCK2918,SON,Block 2918 Son. REMAS*,7.170967742
-109.5,27.01,SEMAY,SON,Semay Son. REMAS*,8.274193548
-109.68,27.02,BUAYSIACOBE,SON,Buaysiacobe Son. INIFAP*,7.741935484
-109.42,27.07,CIASO,SON,Ciano Huatabampo Son.,8.058064516
-109.75,27.1,BLOCK2328,SON,Block-2328 Son. INIFAP*,7.558064516
-109.48,27.11,CHIHUAHUITASO,SON,Chihuahuita Son. REMAS*,7.976666667
-109.4,27.13,TESIA,SON,Tesia Son. INIFAP*,7.774193548
-109.9,27.14,BLOCK2010,SON,Block 2010 Son. REMAS*,7.019354839
-109.8,27.17,BLOCK1922,SON,Block 1922 Son. REMAS*,7.693548387
-109.66,27.18,BLOCK1936,SON,Block 1936 Son. REMAS*,8.470967742
-109.58,27.21,PUEBLO,SON,Pueblo Mayo Son. REMAS*,8.774193548
-109.71,27.21,BLOCK1730,SON,Block-1730  Son. INIFAP*,6.816129032
-110.04,27.23,BLOCK1703,SON,Block 1703 Son. REMAS*,8.706451613
-109.84,27.28,BLOCK1418,SON,Block-1418 Son. INIFAP*,7.241935484
-110.26,27.28,BLOCK1423,SON,Block 1423 Son. REMAS*,9.351612903
-110.16,27.32,BLOCK1213,SON,Block 1213 Son. REMAS*,7.6
-108.91,27.32,CASA,SON,Casa Colorada Son. REMAS*,6.783870968
-110.02,27.32,BLOCK1101,SON,Block 1101 Son. REMAS*,7.887096774
-109.93,27.37,OBOSO,SON,Observatorio Cd. ObregÛn Son. SMN*,9.080952381
-109.81,27.39,BLOCK720,SON,Block 720 Son. REMAS*,8.370967742
-110.29,27.4,BLOCK727,SON,Block-727 Son. INIFAP*,8.051612903
-110.34,27.4,BLOCK731,SON,Block 731 Son. REMAS*,8.396774194
-110.1,27.42,BLOCK609,SON,Block-609 Son. INIFAP*,7.061290323
-110.22,27.46,BLOCK419,SON,Block 419 Son. REMAS*,8.467741935
-109.13,27.47,ALGODONES,SON,Los Algodones Son. REMAS*,9.364516129
-110.12,27.51,BLOCK111,SON,Block-111 Son. INIFAP*,7.109677419
-110.01,27.55,IFPREDIOELJAZMI,SON,Predio El JazmÌn Son. INIFAP*,7.665217391
-109.93,27.62,CORRAL,SON,EstaciÛn Corral  Son. REMAS*,6.5
-110.41,27.63,POTAMR,SON,PÛtam Son. REMAS*,8.029032258
-110.29,27.64,VCMSO,SON,VÌcam Son.,5.758064516
-109.4,27.85,ROSARIO,SON,Rosario Tesopaco Son. REMAS*,3.593333333
-110.8,27.95,EMPALMEob,SON,Observatorio de Empalme Son. SMN*,10.15833333
-110.55,28,CAMPO,SON,Campo Selza Son. REMAS*,7.929032258
-110.93,28,BUENOS,SON,Buenos Aires Gym Son. REMAS*,8.412903226
-110.66,28.12,SANTAMARIA,SON,Santa MarÌa Son. REMAS*,9.274193548
-110.66,28.3,ORTIZ,SON,OrtÌz Son. REMAS*,6.629032258
-111.25,28.31,SAHUARALA,SON,Sahuaral Son. INIFAP*,6.490322581
-109.01,28.33,YECORAS,SON,YÈcora Son. REMAS*,2.632258065
-110.51,28.37,TREINTA,SON,Las Treinta Son. REMAS*,6.983870968
-109.89,28.42,SUAQUI,SON,Suaqui Grande Son. REMAS*,4.853333333
-111.36,28.56,CUICHI,SON,Cuichi Son. REMAS*,6.251612903
-111.56,28.61,PERICOI,SON,Perico I Son. INIFAP*,5.480645161
-111.32,28.68,PEANA,SON,PeaÒa Son. REMAS*,6.4
-111.65,28.69,KINO,SON,Kino Son. REMAS*,5.612903226
-111.47,28.74,FATIMA,SON,El Milagro de F·tima Son. REMAS*,6.380645161
-111.36,28.79,ELBERVANO,SON,El Bervano Son. INIFAP*,6.193548387
-111.56,28.84,SANTAELENAS,SON,Santa Elena Son. REMAS*,6.222580645
-111.43,28.89,CARLITOS,SON,San Carlitos  Son. REMAS*,5.790322581
-111.23,28.9,ABEJAS,SON,Abejas Son. REMAS*,6
-110.18,28.94,MAZATAN,SON,Mazat·n Son. REMAS*,2.63
-111.13,28.96,BACHATA,SON,La Bachata Son. REMAS*,5.2
-111.26,28.98,SANTONINO,SON,Santo NiÒo Son. REMAS*,6.01
-111.13,29.01,UNISON,SON,Universidad de Sonora Son. SMN*,5.952
-109.22,29.05,SAHUARIPA,SON,Sahuaripa Son. REMAS*,3.490322581
-111.72,29.06,DOLORES,SON,Dolores Jam Son. REMAS*,5.716129032
-110.93,29.08,HERMOSILLOob,SON,Observatorio de Hermosillo Son. SMN*,8.236
-111.56,29.09,GREEN,SON,Green Stripe Son. REMAS*,6.583870968
-109.99,29.12,MATAPE,SON,M·tape Son. REMAS*,5.196774194
-111.76,29.24,CHIPILON,SON,ChipilÛn Son. REMAS*,4.996774194
-110.93,29.39,TRACALITA,SON,Tracalita Son. REMAS*,6.406451613
-110.31,29.44,URES,SON,Ures Son. REMAS*,3.44516129
-109.51,29.52,TEPACHE,SON,Tepache Son. REMAS*,2.383870968
-110.93,29.55,SELVA,SON,Selva Son. REMAS*,4.890322581
-110.14,29.67,BAVIACORA,SON,Bavi·cora Son. REMAS*,2.022580645
-108.97,29.69,NACORI,SON,N·cori Chico Son. REMAS*,0.809677419
-112.06,29.78,SANTAADELA,SON,Santa Adela Son. REMAS*,7.270967742
-110.96,29.91,QUEROBABI,SON,Querobabi Son. REMAS*,3.790322581
-109.3,29.93,HUASABAS,SON,Hu·sabas Son. REMAS*,1.823333333
-110.21,29.97,BANAMICHI,SON,Ban·michi Son. REMAS*,0.990322581
-111.23,30.05,CARRIZO,SON,El Carrizo Son. REMAS*,2.235483871
-109.79,30.19,CUMPAS,SON,Cumpas Son. REMAS*,3.716666667
-110.72,30.34,LADRILLERA,SON,La Ladrillera Son. REMAS*,1.326666667
-109.68,30.37,PNACOZARIob,SON,Observatorio de Pilares de Nacozari Son. SMN*,5.464
-108.92,30.39,BACERAC,SON,Bacerac Son. REMAS*,-0.052
-111.09,30.42,ALAMITOS,SON,Los Alamitos Son. REMAS*,2.661538462
-111.56,30.47,CORRALES,SON,Los Corrales Son. REMAS*,3.980645161
-108.96,30.51,BAVISPE,SON,Bavispe Son. REMAS*,0.429032258
-112.35,30.51,SURCABORACA,SON,Sur Caborca Son. REMAS*,4.719354839
-111.4,30.61,LOMA,SON,La Loma Son. REMAS*,3.2
-109.97,30.65,BACOACHI,SON,Bacoachi Son. REMAS*,-1.64
-111.83,30.71,ALTARob,SON,Observatorio de Altar Son. SMN*,6.183333333
-112.87,30.74,COSTERO,SON,El Costero Son. REMAS*,4.86
-112.44,30.77,CABORCA,SON,Caborca Son. SMN*,6.335483871
-111.21,30.79,ALMAS,SON,Las Palmas Son. REMAS*,1.058064516
-112.78,30.83,LOLEYTA,SON,Loleyta Son. REMAS*,6.293548387
-110.84,30.85,CRISP,SON,El 15 Crisp Son. REMAS*,2.590322581
-112.91,30.85,RIVERA,SON,La Rivera Son. REMAS*,5.538709677
-112.03,31,CUCHUJAQUI,SON,Cuchujaqui Son. REMAS*,1.64516129
-110.6,31.19,SANTACRUZS,SON,Santa Cruz Son. REMAS*,-1.34
-109.56,31.24,AGUAPRIETA,SON,km 9 Ejido Agua Prieta Son. REMAS*,-1.209677419
-110.91,31.3,NOGALES,SON,Nogales Son. SMN*,4.609677419
-113.54,31.3,PTOPENASCOob,SON,Observatorio de Puerto PeÒasco Son. SMN*,9.732
-113.3,31.68,PINACATE,SON,El Pinacate Son. SMN*,7.506666667
-112.67,31.77,SONOYTAS,SON,Sonoyta Son. REMAS*,1.861290323
-112.85,31.87,SONOYTA,SON,Sonoyta Son. SMN*,5.051612903
-114.92,32.17,COLONIA,SON,Colonia Medano Son. REMAS*,2.95483871
-115.01,32.25,VALENZUELA,SON,Rancho Valenzuela Son. REMAS*,4.087096774
-114.96,32.31,QUIROZ,SON,Rancho Quiroz Son. REMAS*,4.690322581
-114.87,32.33,PIVOTE,SON,Rancho El Pivote Son. REMAS*,5.032258065
-114.8,32.42,RCOLORADO,SON,San Luis RÌo Colorado Son. SMN*,7.038709677
-114.81,32.43,MOCTEZUMA,SON,Moctezuma Son. INIFAP*,3.616129032
-114.85,32.44,MONUMENTOS,SON,Monumentos Son. REMAS*,4.209677419
-111.83,30.57,CANAN,SON,El Can·n Son. REMAS*,3.943478261
-92.75,17.39,OXOTB,TAB,Oxolot·n Tab.,19.84
-91.48,17.43,BDCTB,TAB,Boca del Cerro Tab.,20.37931034
-92.97,17.57,TEATB,TAB,Teapa Tab.,19.82758621
-92.94,17.57,PUYTB,TAB,Puyacatengo Tab.,19.61111111
-92.6,17.77,MACTB,TAB,Macuspana Tab.,20.26
-93.38,18,CARTB,TAB,C·rdenas Tab.,20.19642857
-92.88,17.85,PNVTB,TAB,Pueblo Nuevo Tab.,19.89285714
-93,17.98,GONTB,TAB,Gonz·lez Tab.,19.96428571
-93.28,18,SAMTB,TAB,Samaria Tab.,20.14
-92.92,17.98,EMUTB,TAB,Villahermosa Muelle Tab.,21.528
-92.81,18.04,EPOTB,TAB,El Porvenir Tab.,19.86666667
-92.82,17.47,TAPTB,TAB,Tapijulapa Tab.,19.16071429
-91.16,17.79,SPTTB,TAB,San Pedro Tab.,19.23333333
-92.93,17.98,OBSTB,TAB,Observatorio de Villa Hermosa Tab.,21.492
-92.65,18.41,PCENTLA,TAB,Pantanos de Centla Tab. SMN*,20.76071429
-92.65,18.51,FRONTERA,TAB,Frontera Tres Brazos Tab. SGT*,21.75555556
-93.33,18.42,PARAISO,TAB,ParaÌso Tab. SMN*,21.81851852
-99.27,24.02,STETP,TAMPS,Santa Engracia Tamps.,11.19310345
-99.55,24.57,VSMTP,TAMPS,Victoria-San Marcos Tamps.,13.8137931
-99.15,23.05,GOMEZFARIAS,TAMPS,Gomez Farias Tamps. SGT*,15.05
-97.88,22.24,TMPTP,TAMPS,Tampico Tamps.,17.34615385
-97.84,22.28,MDRTP,TAMPS,Madero Tamps.,14.90909091
-97.93,22.39,BALTP,TAMPS,Bombas Altamira Tamps.,17.0875
-98.42,22.42,TMSTP,TAMPS,TamesÌ Tamps.,14.28965517
-98.69,22.6,ERCTP,TAMPS,Estudiante Ramiro Caballero Dorantes Tamps.,13.17333333
-98.87,22.78,SDATP,TAMPS,Saca de Agua Tamps.,15.44666667
-98.71,22.8,MGSTP,TAMPS,MagiscatzÌn Dos Tamps.,13.7
-99.12,22.83,LSRTP,TAMPS,La Servilleta Tamps.,15.05
-99,22.85,RFRTP,TAMPS,RÌo FrÌo Tamps.,14
-98.79,22.94,SLZTP,TAMPS,Lic. Emilio Portes Gil Tamps.,11.57333333
-99.09,23.02,SBNTP,TAMPS,Sabinas Tamps.,13.53333333
-97.77,23.05,BTORDO,TAMPS,Barra del Tordo Tamps. SMN*,16.95416667
-98.79,23.08,SGBTP,TAMPS,San Gabriel Tamps.,13.25
-97.99,23.26,RSPTP,TAMPS,Rep˙blica EspaÒola Tamps.,14.89259259
-99.08,23.38,ENNTP,TAMPS,La Encantada Tamps.,12.14285714
-99.17,23.72,CVCTP,TAMPS,Observatorio de Ciudad Victoria Tamps.,12.77
-98.75,23.73,PDMTP,TAMPS,Paso de Molina Tamps.,14.19285714
-98.21,23.77,SLMTP,TAMPS,Soto la Marina Tamps.,13.88
-98.67,23.96,VGRTP,TAMPS,Vicente Guerrero Tamps.,14.62068966
-98.9,24.05,PADTP,TAMPS,Padilla Tamps.,13.94
-98.39,24.07,ABSTP,TAMPS,Abasolo Tamps.,14.17931034
-99.12,24.08,BR1TP,TAMPS,El Barretal Uno Tamps.,12.89655172
-99.22,24.1,BRRTP,TAMPS,El Barretal Tamps.,11.73103448
-98.9,24.14,PILTP,TAMPS,PilÛn Tamps.,13.41428571
-99.58,24.18,PVLTP,TAMPS,Puerto de Valles Tamps.,8.842857143
-99.56,24.25,PJMTP,TAMPS,Pedro JosÈ MÈndez Tamps.,12.28275862
-99.43,24.25,MHGTP,TAMPS,Miguel Hidalgo Tamps.,10.81428571
-99.55,24.57,MAGTP,TAMPS,Magueyes Tamps.,10.04333333
-98.16,24.84,FDOTP,TAMPS,San Fernando Tamps.,13.78928571
-97.82,25.64,CONTP,TAMPS,Control Tamps.,13.11538462
-97.8,25.7,VHMTP,TAMPS,Valle Hermoso Tamps.,14.75862069
-97.8,25.8,PANTP,TAMPS,Pueblo An·huac Tamps.,12.78571429
-97.52,25.83,MATTP,TAMPS,Matamoros Tamps.,14.66666667
-97.8,25.91,VCATP,TAMPS,Villa C·rdenas Tamps.,12.78571429
-98.29,26.08,RYATP,TAMPS,S-J-3-42 Reynosa Tamps.,11.96774194
-98.88,26.17,RYNTP,TAMPS,S-J-2-9 Reynosa Tamps.,11.96774194
-98.93,26.2,MRGTP,TAMPS,Marte R. GÛmez Tamps.,12
-98.6,26.24,CDOTP,TAMPS,S-J-2-18 Ciudad DÌaz Ordaz Tamps.,12.62068966
-99.19,23.73,CVTTP,TAMPS,Ciudad Victoria Tamps.,13.25862069
-99.15,22.99,AHLTP,TAMPS,Ahualulco Tamps.,14.93666667
-98.98,22.74,CIUDADMANTE,TAMPS,Ciudad Mante Tamps. SMN*,16.13548387
-99.38,23.41,JAUMAVE,TAMPS,Jaumave Tamps. SMN*,11.67333333
-99.13,23.73,CVICTORIAob,TAMPS,Observatorio de Ciudad Victoria Tamps.SMN*,12.36
-98.94,23.94,CORTP,TAMPS,Corona Tamps.,12.50714286
-98.84,26.31,SANJUAN2,TAMPS,San Juan Tamps. SGT*,12.03125
-98.21,23.76,SOTOLAMARINAob,TAMPS,Observatorio de Soto La Marina Tamps. SMN*,14.58518519
-97.77,23.79,LAPESCAMAR,TAMPS,La Pesca Tamps. SEMAR*,16.24482759
-97.15,25.82,MATAMOROSMAR,TAMPS,Matamoros Tamps. SEMAR*,15.26666667
-97.52,25.88,MA2TP,TAMPS,Matamoros Tamps. SMN*,15.21071429
-97.91,19.2,ZITTL,TLAX,Zitlaltepec Tlax.,3.580645161
-98.24,19.22,ZACTL,TLAX,Zacatelco Tlax.,3.806451613
-97.77,19.3,CUATL,TLAX,Cuapiaxtla Tlax.,3.161290323
-98.23,19.32,TLAXCALAob,TLAX,Observatorio de Tlaxcala Tlax. SMN*,5.095833333
-97.65,19.32,ECTTL,TLAX,El Carmen Tequexquitla Tlax.,1.677419355
-98.25,19.32,OBSTL,TLAX,Observatorio de Tlaxcala Tlax.,5.527586207
-98.2,19.56,SJATL,TLAX,San JosÈ Atlanga Tlax.,-0.483870968
-98.56,19.59,CPPTL,TLAX,Calpulalpan Tlax.,0.827586207
-98.03,19.14,MALINCHEII,TLAX,La Malinche 2 Tlax. SMN*,2.793548387
-98.04,19.3,MALINCHEI,TLAX,La Malinche 1 Tlax. SMN*,3.141935484
-97.95,19.31,HUATL,TLAX,Huamantla Tlax. SMN*,1.270967742
-97.91,19.32,HMTTL,TLAX,Huamantla Tlax.,2.5
-98.1,19.4,APITL,TLAX,Apizaco Tlax.,2.322580645
-95.03,18.52,SONVC,VER,Sontecomapan Ver.,16.12068966
-96.97,19.45,TAPVC,VER,Tapachapan Ver.,12.38
-96.39,19.26,LOFVC,VER,Loma Fina Ver.,18.13793103
-96.95,19.23,TOTVC,VER,Totutla Ver.,10.93103448
-96.97,19.55,OTIVC,VER,Otilpan Ver.,10.21428571
-94.92,17.42,LPEVC,VER,Las Perlas Ver.,18.64
-95.03,17.43,JCRVC,VER,Jes˙s Carranza Ver.,17.81666667
-94.09,17.87,JDCVC,VER,San JosÈ del Carmen Ver.,16.76666667
-95.13,17.88,SJEVC,VER,San Juan Evangelista Ver.,19.26785714
-94.67,17.95,JALVC,VER,Jaltip·n Ver.,20.47826087
-94.4,18.1,COTVC,VER,Coatzacoalcos Ver.,19.68846154
-94.77,18.14,MNZVC,VER,Minzapan Ver.,18.78571429
-95.3,18.14,CTTVC,VER,Coatotolapan Ver.,17.63793103
-95.35,18.25,LAUVC,VER,Lauchapan Ver.,16.67241379
-95.56,18.27,GARVC,VER,Garro Ver.,19.23913043
-95.44,18.58,ARCVC,VER,¡ngel Rosario Cabada Ver.,17.98148148
-95.63,18.72,RALVC,VER,Radar Alvarado Ver.,19.01724138
-97.1,18.85,ORZVC,VER,Orizaba Ver.,12.62692308
-97.23,18.92,LGRVC,VER,Loma Grande Ver.,3.724137931
-96.11,19.15,VERVC,VER,Veracruz Ver.,19.52666667
-96.95,19.18,HTSVC,VER,Huatusco Ver.,8.206896552
-96.49,19.34,TAMVC,VER,Tamarindo Ver.,19.28571429
-96.37,19.36,CRDVC,VER,Cardel Ver.,18.26666667
-96.55,19.4,IDOVC,VER,Õdolos Ver.,18.87931034
-97.39,19.41,ZALVC,VER,Zalayeta Ver.,1.033333333
-96.94,19.45,COAVC,VER,Coatepec Ver.,10.93333333
-96.93,19.48,BRIVC,VER,Briones Ver.,9.37037037
-96.59,19.5,ACTVC,VER,Actopan Ver.,19.29310345
-96.92,19.53,XOBVC,VER,Observatorio de Xalapa Ver.,11.87666667
-96.85,19.55,XCFVC,VER,Xalapa CFE Ver.,11.5137931
-97.02,19.6,JOYVC,VER,La Joya Ver.,5.183333333
-97.1,19.65,LVRVC,VER,Las Vigas de RamÌrez Ver.,4.838709677
-96.87,19.65,NAOVC,VER,Naolinco Ver.,9.48
-96.84,19.7,ACAVC,VER,Acatl·n Ver.,8.137931034
-97.23,19.76,ALTVC,VER,Altotonga Ver.,6.068965517
-96.98,20.05,LIBVC,VER,Libertad Ver.,17.2037037
-97.05,20.07,MDTVC,VER,MartÌnez de la Torre Ver.,14.54545455
-98.48,20.53,HUYVC,VER,Huayacocotla Ver.,5.827586207
-97.48,20.54,PRCVC,VER,Poza Rica Ver.,17.73913043
-97.78,20.88,SBTVC,VER,Sombrerete Ver.,15.03571429
-97.68,20.93,ALAVC,VER,¡lamo Temapache Ver.,15.66666667
-97.4,20.96,TXPVC,VER,Tuxpan Ver.,17.53571429
-98.34,21.29,PSNVC,VER,PlatÛn S·nchez Ver.,12.50357143
-98.38,21.52,TMPVC,VER,Tempoal Ver.,15.37307692
-98.16,21.74,CHYVC,VER,Paso de Piedras Ver.,13.91666667
-98.44,21.78,HGOVC,VER,El Higo Ver.,16.48965517
-98.51,21.84,OLVVC,VER,El Olivo Ver.,15.225
-98.17,22.05,PNCVC,VER,P·nuco Ver.,13.8862069
-98.27,21.16,HLSVC,VER,Los Hules Ver.,15.18928571
-96.9,19.51,XALAPAob,VER,Observatorio de Xalapa Ver. SMN*,13.84705882
-94.16,17.57,TMOVC,VER,Tierra Morada Ver.,19.75925926
-95.52,18.63,NLTVC,VER,Naranjal Lerdo de Tejada Ver.,18.16666667
-97.24,19.58,PERVC,VER,Perote Ver.,1.903846154
-94.93,18.04,ACAYUCAN,VER,Acayucan Ver. SMN*,19.22903226
-94.33,18.11,LACVC,VER,La Cangrejera Ver. SMN*,20.25833333
-96.1,18.19,CDALEMAN,VER,Ciudad Alem·n Ver.*,19.41
-95.93,18.38,TUXTLASII,VER,Los Tuxtlas 2 Ver. SMN*,14.72380952
-95.07,18.58,TUXTLASI,VER,Los Tuxtlas 1 Ver. SMN*,12.14545455
-95.63,18.72,ALVVC,VER,Alvarado Ver. SMN*,20.10869565
-97.1,18.85,ORIZABAob,VER,Observatorio de Orizaba Ver. SMN*,11.8
-97.04,19.07,COSCOMATEPEC,VER,Coscomatepec CBT99 Ver. SMN*,10.17
-97.27,19.55,PEROTESMN,VER,Perote Ver. SMN*,3.923333333
-96.92,19.81,TNCVC,VER,Tenochtitl·n Ver.,12.31034483
-97.42,20.96,TUXPANob,VER,Observatorio de Tuxpan Ver. SMN*,17.716
-88.93,20.13,PETYC,YUC,Peto Yuc.,16.22580645
-89.39,20.29,OXKYC,YUC,Oxkutzcab Yuc.,12.19354839
-89.56,20.4,TICYC,YUC,Ticul Yuc.,16.5
-89.08,20.46,CANYC,YUC,Cantamayec Yuc.,17.55172414
-89.71,20.49,MUNYC,YUC,Muna Yuc.,17.35
-88.2,20.69,VALYC,YUC,Valladolid Yuc.,18.84333333
-89.83,20.75,CHOYC,YUC,Chochol· Yuc.,17.72413793
-89.64,20.94,FAEYC,YUC,Fuerza AÈrea Yuc.,19.62758621
-89.65,20.95,MEOYC,YUC,Observatorio de MÈrida Yuc.,19.5137931
-89.58,20.98,EZAYC,YUC,Emiliano Zapata Yuc.,18.78571429
-89.66,20.98,GARYC,YUC,Organismo de Cuenca PenÌnsula de Yucat·n Yuc.,18.43103448
-89.64,21.03,CICYC,YUC,Centro de InvestigaciÛn CientÌfica Yuc.,19.33333333
-87.99,21.16,TIZIMIN,YUC,TizimÌn Yuc. SMN*,17.27666667
-89.65,21.28,PROYC,YUC,Progreso Yuc.,20.25714286
-87.68,21.51,CYOYC,YUC,El Cuyo Yuc.,21.03333333
-88.16,21.57,RLAYC,YUC,RÌo Lagartos Yuc.,19.65
-89.64,21.05,FIYYC,YUC,Fiuady Yuc.,16.46774194
-88.17,21.16,TIZYC,YUC,TizimÌn Yuc.,17.13333333
-89.05,20.03,TANYC,YUC,TantaquÌn Yuc.,12.95
-89.22,19.88,BECYC,YUC,BecanchÈn Yuc.,17.11666667
-89.68,20.65,ABAYC,YUC,Abal· Yuc.,12.82258065
-90.38,20.86,CELYC,YUC,Celest˙n Yuc. SMN*,20.14827586
-89.44,21.11,MOCYC,YUC,Mococh· Yuc.,15.26666667
-89.5,21.08,CONYC,YUC,Conkal Yuc.,14.77419355
-89.05,20.03,TNTYC,YUC,TantaquÌn Yuc. SMN*,17.34
-89.29,21.09,MTOYC,YUC,Motul Yuc.,14.96666667
-89.65,21.3,PROGRESOob,YUC,Observatorio de Progreso Yuc. SMN*,20.41304348
-88.16,21.57,RILYC,YUC,RÌo Lagartos Yuc. SMN*,19.03333333
-103.51,24.29,SGOZC,ZAC,Santiago Zac.,0.7
-103.36,21.21,MORZC,ZAC,Mezquital del Oro Zac.,7.85
-102.85,21.36,NCTZC,ZAC,Nochistl·n Zac.,2.935483871
-103.34,21.59,VILZC,ZAC,JosÈ MarÌa Morelos Zac.,9.193548387
-103.35,21.65,EXCZC,ZAC,Miguel Alem·n Zac.,3.677419355
-102.9,21.71,PMOZC,ZAC,MoraleÒos Zac.,8.209677419
-103.31,21.77,TLLZC,ZAC,Tlaltenango Zac.,3.709677419
-103.46,21.81,ATGZC,ZAC,Atolinga Zac.,2.979310345
-102.9,22,CHIZC,ZAC,El Chique Zac.,8.916666667
-101.4,22.12,PINZC,ZAC,Pino Su·rez Zac.,2
-102.86,22.12,TAYZC,ZAC,Ing. Juli·n Adame Alatorre Zac.,3.983870968
-101.99,22.26,LORZC,ZAC,Loreto Zac.,4.038709677
-103.56,22.31,MRSZC,ZAC,Monte Escobedo Zac.,1.12962963
-101.72,22.35,VHGZC,ZAC,Villa Hidalgo Zac.,3.925806452
-102.8,22.35,PALZC,ZAC,Palomas Zac.,2.092592593
-103,22.64,JERZC,ZAC,Jerez Zac.,4.532258065
-102.04,22.67,ELSZC,ZAC,El Saladillo Zac.,0.443333333
-103.6,22.69,LFLZC,ZAC,La Florida Zac.,0.19
-102.51,22.75,GPEZC,ZAC,Guadalupe Zac.,5.98
-102.51,22.75,ZA2ZC,ZAC,Zacatecas Zac. SMN*,5.812903226
-102.58,22.76,ZACZC,ZAC,Zacatecas Zac.,5.4
-102.57,22.78,LBUZC,ZAC,La Bufa Zac.,6.625806452
-103.38,22.85,LOBZC,ZAC,Manuel Felgueres Zac.,1.766666667
-103.11,22.92,STRZC,ZAC,Santa Rosa Zac.,3.048387097
-102.66,23,LLBZC,ZAC,Llano Blanco Zac.,1.419354839
-102.89,23.17,FREZC,ZAC,Fresnillo Zac.,2.951612903
-103.22,23.18,LREZC,ZAC,Gobernador Leobardo Reynoso Zac.,2.032258065
-103.64,23.64,SOMZC,ZAC,Sombrerete Zac.,4.276666667
-103.1,23.69,ELCZC,ZAC,El Cazadero Zac.,1.629032258
-103.03,23.82,RGRZC,ZAC,RÌo Grande Zac.,1.85
-102.88,24.32,SFOZC,ZAC,San Francisco Zac.,5.068181818
-103.88,23.47,TCHZC,ZAC,Chalchihuites Zac.,4.708333333
-103.4,24.28,JALZC,ZAC,Juan Aldama Zac.,3.788461538
-103.5,22.33,STEZC,ZAC,Santa Teresa Zac.,4.071428571
-103.46,21.47,TGOZC,ZAC,Te˙l de Gonz·lez Ortega Zac.,4.1
-102.79,21.56,TLAZC,ZAC,Tlalchichila Zac.,4.410714286
-103.09,22.93,GJAZC,ZAC,General JoaquÌn Amaro Zac.,6
-103.11,21.4,JCHZC,ZAC,Juchipila Zac.,6.37037037
-102.25,22.44,LMOZC,ZAC,Luis Moya Zac.,3.214285714
-102.46,22.49,GRCZC,ZAC,Genaro Codina Zac.,0.5
-103.6,22.69,LAFLORIDA,ZAC,La Florida Zac. SMN*,1.357692308
-102.57,22.78,ZACATECASob,ZAC,Observatorio de Zacatecas Zac. SMN*,6.423809524
-102.27,22.58,OCAZC,ZAC,Ojo Caliente Zac.,2.8
